source,model,test_site,transfer,context,alpha,first_crossing_preserving_thresholds_equal
A,logistic,A,False,source,0.05,True
A,logistic,A,False,source,0.1,True
A,logistic,A,False,source,0.2,True
A,logistic,A,False,local,0.05,True
A,logistic,A,False,local,0.1,True
A,logistic,A,False,local,0.2,True
A,logistic,B,True,source,0.05,True
A,logistic,B,True,source,0.1,True
A,logistic,B,True,source,0.2,True
A,logistic,B,True,local,0.05,True
A,logistic,B,True,local,0.1,True
A,logistic,B,True,local,0.2,True
A,hgb,A,False,source,0.05,True
A,hgb,A,False,source,0.1,True
A,hgb,A,False,source,0.2,True
A,hgb,A,False,local,0.05,True
A,hgb,A,False,local,0.1,True
A,hgb,A,False,local,0.2,True
A,hgb,B,True,source,0.05,True
A,hgb,B,True,source,0.1,True
A,hgb,B,True,source,0.2,True
A,hgb,B,True,local,0.05,True
A,hgb,B,True,local,0.1,True
A,hgb,B,True,local,0.2,True
A,hgb_no_observation_features,A,False,source,0.05,True
A,hgb_no_observation_features,A,False,source,0.1,True
A,hgb_no_observation_features,A,False,source,0.2,True
A,hgb_no_observation_features,A,False,local,0.05,True
A,hgb_no_observation_features,A,False,local,0.1,True
A,hgb_no_observation_features,A,False,local,0.2,True
A,hgb_no_observation_features,B,True,source,0.05,True
A,hgb_no_observation_features,B,True,source,0.1,True
A,hgb_no_observation_features,B,True,source,0.2,True
A,hgb_no_observation_features,B,True,local,0.05,True
A,hgb_no_observation_features,B,True,local,0.1,True
A,hgb_no_observation_features,B,True,local,0.2,True
B,logistic,A,True,source,0.05,True
B,logistic,A,True,source,0.1,True
B,logistic,A,True,source,0.2,True
B,logistic,A,True,local,0.05,True
B,logistic,A,True,local,0.1,True
B,logistic,A,True,local,0.2,True
B,logistic,B,False,source,0.05,True
B,logistic,B,False,source,0.1,True
B,logistic,B,False,source,0.2,True
B,logistic,B,False,local,0.05,True
B,logistic,B,False,local,0.1,True
B,logistic,B,False,local,0.2,True
B,hgb,A,True,source,0.05,True
B,hgb,A,True,source,0.1,True
B,hgb,A,True,source,0.2,True
B,hgb,A,True,local,0.05,True
B,hgb,A,True,local,0.1,True
B,hgb,A,True,local,0.2,True
B,hgb,B,False,source,0.05,True
B,hgb,B,False,source,0.1,True
B,hgb,B,False,source,0.2,True
B,hgb,B,False,local,0.05,True
B,hgb,B,False,local,0.1,True
B,hgb,B,False,local,0.2,True
B,hgb_no_observation_features,A,True,source,0.05,True
B,hgb_no_observation_features,A,True,source,0.1,True
B,hgb_no_observation_features,A,True,source,0.2,True
B,hgb_no_observation_features,A,True,local,0.05,True
B,hgb_no_observation_features,A,True,local,0.1,True
B,hgb_no_observation_features,A,True,local,0.2,True
B,hgb_no_observation_features,B,False,source,0.05,True
B,hgb_no_observation_features,B,False,source,0.1,True
B,hgb_no_observation_features,B,False,source,0.2,True
B,hgb_no_observation_features,B,False,local,0.05,True
B,hgb_no_observation_features,B,False,local,0.1,True
B,hgb_no_observation_features,B,False,local,0.2,True
