channel,observed_scoring_rows,total_scoring_rows,observed_fraction
HR,26359,28045,0.9398823319664824
O2Sat,24339,28045,0.8678552326617935
Temp,7025,28045,0.25049028347298985
SBP,23697,28045,0.8449634515956499
MAP,23727,28045,0.846033160991264
DBP,23697,28045,0.8449634515956499
Resp,23893,28045,0.8519522196469959
EtCO2,797,28045,0.028418612943483686
BaseExcess,353,28045,0.012586913888393654
HCO3,368,28045,0.013121768586200748
FiO2,3907,28045,0.13931182028882153
pH,387,28045,0.01379925120342307
PaCO2,391,28045,0.013941879122838296
SaO2,315,28045,0.01123194865394901
AST,471,28045,0.016794437511142808
BUN,1455,28045,0.05188090568728829
Alkalinephos,450,28045,0.016045640934212874
Calcium,1406,28045,0.050133713674451776
Chloride,1483,28045,0.05287930112319487
Creatinine,1443,28045,0.05145302192904261
Bilirubin_direct,54,28045,0.0019254769121055447
Glucose,1503,28045,0.053592440720270994
Lactate,179,28045,0.006382599393831343
Magnesium,741,28045,0.026421822071670528
Phosphate,458,28045,0.016330896773043325
Potassium,1661,28045,0.0592262435371724
Bilirubin_total,460,28045,0.016402210732750937
TroponinI,200,28045,0.0071313959707612765
Hct,1397,28045,0.04981280085576752
Hgb,1485,28045,0.052950615082902476
PTT,268,28045,0.00955607060082011
WBC,1195,28045,0.042610090925298626
Fibrinogen,35,28045,0.0012479942948832234
Platelets,1199,28045,0.04275271884471385
