source,model,test_site,transfer,condition,anchor,calibration_site,alpha,policy,threshold,threshold_infinite,nonseptic_patients,septic_patients,patient_false_alert_rate,patient_false_alert_rate_count,patient_false_alert_rate_ci_low,patient_false_alert_rate_ci_high,window6_sensitivity,window6_sensitivity_count,window6_sensitivity_ci_low,window6_sensitivity_ci_high,first6_sensitivity,first6_sensitivity_count,first6_sensitivity_ci_low,first6_sensitivity_ci_high,early_first_fraction,early_first_fraction_count,early_first_fraction_ci_low,early_first_fraction_ci_high,window12_sensitivity,window12_sensitivity_count,window12_sensitivity_ci_low,window12_sensitivity_ci_high,first12_sensitivity,first12_sensitivity_count,first12_sensitivity_ci_low,first12_sensitivity_ci_high,any_positive_alert_fraction,any_positive_alert_fraction_count,any_positive_alert_fraction_ci_low,any_positive_alert_fraction_ci_high,nonseptic_alerts,nonseptic_hours,nonseptic_alerts_per_admission,nonseptic_alerts_per_100_hours,septic_alerts,septic_hours,septic_alerts_per_admission,septic_alerts_per_100_hours,first_alert_lead_median,first_alert_lead_p25,first_alert_lead_p75,alerted_positive_patients,calibration_nonseptic_patients,structurally_ineligible_calibration_patients
A,logistic,B,True,matched_patient,local,B,0.1,hourly,0.0300171546558245,False,3473,154,0.10394471638353,361,0.093987339625557,0.1145742641981244,0.3181818181818182,49,0.2455388456857719,0.3979801565101943,0.0649350649350649,10,0.0315754312579595,0.1161745329568089,0.3116883116883117,48,0.2395759600949048,0.3912137221987523,0.3376623376623376,52,0.2635243083216708,0.4181840842625337,0.1298701298701298,20,0.081166287831986,0.1934264499619248,0.3766233766233766,58,0.2999103500803708,0.4581820701391035,3593,110910,1.0345522602936943,3.239563610134343,2432,10467,15.792207792207792,23.234928823922804,42.5,7.25,114.25,58,3495.0,0.0
A,logistic,B,True,matched_patient,local,B,0.1,single,0.0300171546558245,False,3473,154,0.10394471638353,361,0.093987339625557,0.1145742641981244,0.0649350649350649,10,0.0315754312579595,0.1161745329568089,0.0649350649350649,10,0.0315754312579595,0.1161745329568089,0.3116883116883117,48,0.2395759600949048,0.3912137221987523,0.1298701298701298,20,0.081166287831986,0.1934264499619248,0.1298701298701298,20,0.081166287831986,0.1934264499619248,0.3766233766233766,58,0.2999103500803708,0.4581820701391035,361,110910,0.10394471638353,0.3254891353349562,58,10467,0.3766233766233766,0.5541224801757906,42.5,7.25,114.25,58,3495.0,0.0
A,logistic,B,True,matched_patient,local,B,0.1,silence4,0.0300171546558245,False,3473,154,0.10394471638353,361,0.093987339625557,0.1145742641981244,0.3051948051948052,47,0.2336296583490993,0.3844309682697452,0.0649350649350649,10,0.0315754312579595,0.1161745329568089,0.3116883116883117,48,0.2395759600949048,0.3912137221987523,0.3376623376623376,52,0.2635243083216708,0.4181840842625337,0.1298701298701298,20,0.081166287831986,0.1934264499619248,0.3766233766233766,58,0.2999103500803708,0.4581820701391035,1335,110910,0.3843938957673481,1.2036786583716528,729,10467,4.733766233766234,6.964746345657781,42.5,7.25,114.25,58,3495.0,0.0
A,logistic,B,True,matched_patient,local,B,0.1,silence6,0.0300171546558245,False,3473,154,0.10394471638353,361,0.093987339625557,0.1145742641981244,0.2857142857142857,44,0.2158933144462354,0.3639819061762552,0.0649350649350649,10,0.0315754312579595,0.1161745329568089,0.3116883116883117,48,0.2395759600949048,0.3912137221987523,0.3376623376623376,52,0.2635243083216708,0.4181840842625337,0.1298701298701298,20,0.081166287831986,0.1934264499619248,0.3766233766233766,58,0.2999103500803708,0.4581820701391035,1020,110910,0.2936942124964008,0.9196645929131728,519,10467,3.3701298701298703,4.958440813986816,42.5,7.25,114.25,58,3495.0,0.0
A,logistic,B,True,matched_patient,local,B,0.1,three_of_five,0.0228599757754933,False,3473,154,0.1059602649006622,368,0.0959148133972649,0.1166743641969764,0.3571428571428571,55,0.2816499759891693,0.4382496640283824,0.0584415584415584,9,0.0270684612583424,0.1080395744551127,0.3181818181818182,49,0.2455388456857719,0.3979801565101943,0.3701298701298701,57,0.293808888974591,0.4515524522412256,0.0909090909090909,14,0.0505955179171291,0.1478255222187908,0.3766233766233766,58,0.2999103500803708,0.4581820701391035,5601,110910,1.6127267492081774,5.050040573437923,3190,10467,20.714285714285715,30.476736409668483,45.0,16.25,112.0,58,3495.0,0.0
A,hgb,B,True,matched_patient,local,B,0.1,hourly,0.0269755989922693,False,3473,154,0.1042326518859775,362,0.0942626209648452,0.1148743502834932,0.448051948051948,69,0.367953209537656,0.5301883450588181,0.0519480519480519,8,0.0226913223312449,0.0997907677437438,0.448051948051948,69,0.367953209537656,0.5301883450588181,0.461038961038961,71,0.3805011918496274,0.5431047961980957,0.1168831168831168,18,0.0707635946689723,0.178424551200866,0.5,77,0.418461961567171,0.5815380384328289,4093,110910,1.17852001151742,3.690379587052565,4525,10467,29.383116883116884,43.23110728957676,45.0,13.0,104.0,77,3495.0,0.0
A,hgb,B,True,matched_patient,local,B,0.1,single,0.0269755989922693,False,3473,154,0.1042326518859775,362,0.0942626209648452,0.1148743502834932,0.0519480519480519,8,0.0226913223312449,0.0997907677437438,0.0519480519480519,8,0.0226913223312449,0.0997907677437438,0.448051948051948,69,0.367953209537656,0.5301883450588181,0.1168831168831168,18,0.0707635946689723,0.178424551200866,0.1168831168831168,18,0.0707635946689723,0.178424551200866,0.5,77,0.418461961567171,0.5815380384328289,362,110910,0.1042326518859775,0.3263907672887927,77,10467,0.5,0.7356453616126875,45.0,13.0,104.0,77,3495.0,0.0
A,hgb,B,True,matched_patient,local,B,0.1,silence4,0.0269755989922693,False,3473,154,0.1042326518859775,362,0.0942626209648452,0.1148743502834932,0.435064935064935,67,0.3554586107649534,0.5172187167507608,0.0519480519480519,8,0.0226913223312449,0.0997907677437438,0.448051948051948,69,0.367953209537656,0.5301883450588181,0.461038961038961,71,0.3805011918496274,0.5431047961980957,0.1168831168831168,18,0.0707635946689723,0.178424551200866,0.5,77,0.418461961567171,0.5815380384328289,1298,110910,0.3737402821767924,1.1703182760797042,1204,10467,7.818181818181818,11.502818381580203,45.0,13.0,104.0,77,3495.0,0.0
A,hgb,B,True,matched_patient,local,B,0.1,silence6,0.0269755989922693,False,3473,154,0.1042326518859775,362,0.0942626209648452,0.1148743502834932,0.435064935064935,67,0.3554586107649534,0.5172187167507608,0.0519480519480519,8,0.0226913223312449,0.0997907677437438,0.448051948051948,69,0.367953209537656,0.5301883450588181,0.461038961038961,71,0.3805011918496274,0.5431047961980957,0.1168831168831168,18,0.0707635946689723,0.178424551200866,0.5,77,0.418461961567171,0.5815380384328289,962,110910,0.2769939533544486,0.8673699395906591,830,10467,5.3896103896103895,7.929683768032866,45.0,13.0,104.0,77,3495.0,0.0
A,hgb,B,True,matched_patient,local,B,0.1,three_of_five,0.0175582788497852,False,3473,154,0.1073999424128995,373,0.0972922914655091,0.1181737270424605,0.4545454545454545,70,0.3742205555867131,0.536653193318123,0.0779220779220779,12,0.0409109873537632,0.1321579165539782,0.422077922077922,65,0.3430179137753327,0.504195448528607,0.474025974025974,73,0.3931021546491063,0.5559684198387979,0.1363636363636363,21,0.0864347211623432,0.2008641409535914,0.5,77,0.418461961567171,0.5815380384328289,5145,110910,1.4814281600921393,4.638896402488504,4810,10467,31.233766233766232,45.953950511130216,51.0,12.0,98.0,77,3495.0,0.0
A,hgb_no_observation_features,B,True,matched_patient,local,B,0.1,hourly,0.0272149183966697,False,3473,154,0.1048085228908724,364,0.0948132560500165,0.1154744503068023,0.2402597402597402,37,0.1751546397298317,0.3156343759716255,0.0584415584415584,9,0.0270684612583424,0.1080395744551127,0.2727272727272727,42,0.2041579728195428,0.3502619759486091,0.2597402597402597,40,0.1924973724773685,0.3364688501075953,0.0714285714285714,11,0.03619427133597,0.1242101458449461,0.3311688311688311,51,0.2575132730410363,0.4114650988523401,3286,110910,0.9461560610423264,2.962762600306555,1478,10467,9.597402597402596,14.12056940861756,49.0,15.0,110.5,51,3495.0,0.0
A,hgb_no_observation_features,B,True,matched_patient,local,B,0.1,single,0.0272149183966697,False,3473,154,0.1048085228908724,364,0.0948132560500165,0.1154744503068023,0.0584415584415584,9,0.0270684612583424,0.1080395744551127,0.0584415584415584,9,0.0270684612583424,0.1080395744551127,0.2727272727272727,42,0.2041579728195428,0.3502619759486091,0.0714285714285714,11,0.03619427133597,0.1242101458449461,0.0714285714285714,11,0.03619427133597,0.1242101458449461,0.3311688311688311,51,0.2575132730410363,0.4114650988523401,364,110910,0.1048085228908724,0.3281940311964656,51,10467,0.3311688311688311,0.4872456291200917,49.0,15.0,110.5,51,3495.0,0.0
A,hgb_no_observation_features,B,True,matched_patient,local,B,0.1,silence4,0.0272149183966697,False,3473,154,0.1048085228908724,364,0.0948132560500165,0.1154744503068023,0.2272727272727272,35,0.1636978375495558,0.3016423503885779,0.0584415584415584,9,0.0270684612583424,0.1080395744551127,0.2727272727272727,42,0.2041579728195428,0.3502619759486091,0.2597402597402597,40,0.1924973724773685,0.3364688501075953,0.0714285714285714,11,0.03619427133597,0.1242101458449461,0.3311688311688311,51,0.2575132730410363,0.4114650988523401,1134,110910,0.3265188597754103,1.0224506356505274,460,10467,2.987012987012987,4.394764497945926,49.0,15.0,110.5,51,3495.0,0.0
A,hgb_no_observation_features,B,True,matched_patient,local,B,0.1,silence6,0.0272149183966697,False,3473,154,0.1048085228908724,364,0.0948132560500165,0.1154744503068023,0.2337662337662337,36,0.1694153412628076,0.3086489710130154,0.0584415584415584,9,0.0270684612583424,0.1080395744551127,0.2727272727272727,42,0.2041579728195428,0.3502619759486091,0.2532467532467532,39,0.1866962076650658,0.3295437977884982,0.0714285714285714,11,0.03619427133597,0.1242101458449461,0.3311688311688311,51,0.2575132730410363,0.4114650988523401,877,110910,0.2525194356464152,0.7907312235145614,333,10467,2.1623376623376624,3.181427343078246,49.0,15.0,110.5,51,3495.0,0.0
A,hgb_no_observation_features,B,True,matched_patient,local,B,0.1,three_of_five,0.0201848823532096,False,3473,154,0.1033688453786351,359,0.0934368497977356,0.113974019438755,0.2662337662337662,41,0.1983181158915165,0.3433747638293647,0.0584415584415584,9,0.0270684612583424,0.1080395744551127,0.2727272727272727,42,0.2041579728195428,0.3502619759486091,0.2792207792207792,43,0.2100165081478762,0.3571308956085821,0.0974025974025974,15,0.0555467862692419,0.1555594165354727,0.3311688311688311,51,0.2575132730410363,0.4114650988523401,4861,110910,1.3996544773970632,4.382832927598954,2012,10467,13.064935064935066,19.22231776058087,47.0,10.0,116.0,51,3495.0,0.0
B,logistic,A,True,matched_patient,local,A,0.1,hourly,0.1125063190381601,False,3422,260,0.1019871420222092,349,0.0920446627154469,0.1126153761922881,0.2269230769230769,59,0.177463938466769,0.2827240270691425,0.0538461538461538,14,0.0297473585730786,0.0886951315816399,0.2846153846153846,74,0.230582161506841,0.343634316621696,0.2615384615384615,68,0.20919010807232,0.3194129541956254,0.0923076923076923,24,0.0600410871075467,0.1342309147895385,0.3384615384615385,88,0.2811594239862942,0.399495579935102,841,112566,0.2457627118644068,0.7471172467707834,1090,15363,4.1923076923076925,7.094968430645056,41.5,10.75,71.0,88,3422.0,0.0
B,logistic,A,True,matched_patient,local,A,0.1,single,0.1125063190381601,False,3422,260,0.1019871420222092,349,0.0920446627154469,0.1126153761922881,0.0538461538461538,14,0.0297473585730786,0.0886951315816399,0.0538461538461538,14,0.0297473585730786,0.0886951315816399,0.2846153846153846,74,0.230582161506841,0.343634316621696,0.0923076923076923,24,0.0600410871075467,0.1342309147895385,0.0923076923076923,24,0.0600410871075467,0.1342309147895385,0.3384615384615385,88,0.2811594239862942,0.399495579935102,349,112566,0.1019871420222092,0.3100403318941776,88,15363,0.3384615384615385,0.572804790730977,41.5,10.75,71.0,88,3422.0,0.0
B,logistic,A,True,matched_patient,local,A,0.1,silence4,0.1125063190381601,False,3422,260,0.1019871420222092,349,0.0920446627154469,0.1126153761922881,0.2230769230769231,58,0.1739679339044619,0.2786188153716,0.0538461538461538,14,0.0297473585730786,0.0886951315816399,0.2846153846153846,74,0.230582161506841,0.343634316621696,0.2615384615384615,68,0.20919010807232,0.3194129541956254,0.0923076923076923,24,0.0600410871075467,0.1342309147895385,0.3384615384615385,88,0.2811594239862942,0.399495579935102,574,112566,0.1677381648158971,0.50992306735604,472,15363,1.8153846153846156,3.0723166048297856,41.5,10.75,71.0,88,3422.0,0.0
B,logistic,A,True,matched_patient,local,A,0.1,silence6,0.1125063190381601,False,3422,260,0.1019871420222092,349,0.0920446627154469,0.1126153761922881,0.2076923076923077,54,0.1600471630341503,0.2621358451688383,0.0538461538461538,14,0.0297473585730786,0.0886951315816399,0.2846153846153846,74,0.230582161506841,0.343634316621696,0.2615384615384615,68,0.20919010807232,0.3194129541956254,0.0923076923076923,24,0.0600410871075467,0.1342309147895385,0.3384615384615385,88,0.2811594239862942,0.399495579935102,511,112566,0.1493278784336645,0.4539559014267185,376,15363,1.446153846153846,2.447438651305084,41.5,10.75,71.0,88,3422.0,0.0
B,logistic,A,True,matched_patient,local,A,0.1,three_of_five,0.0401811503260258,False,3422,260,0.1046171829339567,358,0.094557630014423,0.1153578185508788,0.3153846153846154,82,0.2593756927723424,0.375661766625073,0.0576923076923076,15,0.0326459565604922,0.0933703024539803,0.2884615384615384,75,0.2341649044949409,0.3476540198864366,0.3269230769230769,85,0.2702480792686763,0.3875979840074878,0.0961538461538461,25,0.063196206197043,0.1386662129471172,0.3461538461538461,90,0.2884547929516444,0.4074063407673849,3530,112566,1.03156049094097,3.1359380274683297,2889,15363,11.111538461538462,18.804920913884008,30.0,12.0,67.25,90,3422.0,0.0
B,hgb,A,True,matched_patient,local,A,0.1,hourly,0.055015906921436,False,3422,260,0.1110461718293395,380,0.1007088179209252,0.1220532175352623,0.3615384615384615,94,0.3030950479762265,0.4231787084844522,0.0769230769230769,20,0.0476179338822571,0.1163027417096429,0.4038461538461538,105,0.3436830893226146,0.4662273905181014,0.4038461538461538,105,0.3436830893226146,0.4662273905181014,0.1115384615384615,29,0.0759837141337619,0.1562480667719029,0.4807692307692308,125,0.4186398066606019,0.5433419768273844,1736,112566,0.5073056691992986,1.5422063500524137,3123,15363,12.011538461538462,20.328060925600468,38.0,14.0,77.0,125,3422.0,0.0
B,hgb,A,True,matched_patient,local,A,0.1,single,0.055015906921436,False,3422,260,0.1110461718293395,380,0.1007088179209252,0.1220532175352623,0.0769230769230769,20,0.0476179338822571,0.1163027417096429,0.0769230769230769,20,0.0476179338822571,0.1163027417096429,0.4038461538461538,105,0.3436830893226146,0.4662273905181014,0.1115384615384615,29,0.0759837141337619,0.1562480667719029,0.1115384615384615,29,0.0759837141337619,0.1562480667719029,0.4807692307692308,125,0.4186398066606019,0.5433419768273844,380,112566,0.1110461718293395,0.3375797310022564,125,15363,0.4807692307692308,0.813643168651956,38.0,14.0,77.0,125,3422.0,0.0
B,hgb,A,True,matched_patient,local,A,0.1,silence4,0.055015906921436,False,3422,260,0.1110461718293395,380,0.1007088179209252,0.1220532175352623,0.3461538461538461,90,0.2884547929516444,0.4074063407673849,0.0769230769230769,20,0.0476179338822571,0.1163027417096429,0.4038461538461538,105,0.3436830893226146,0.4662273905181014,0.3923076923076923,102,0.3325671781033015,0.4545330390534974,0.1115384615384615,29,0.0759837141337619,0.1562480667719029,0.4807692307692308,125,0.4186398066606019,0.5433419768273844,737,112566,0.2153711279953243,0.6547270046017447,1009,15363,3.880769230769231,6.5677276573585885,38.0,14.0,77.0,125,3422.0,0.0
B,hgb,A,True,matched_patient,local,A,0.1,silence6,0.055015906921436,False,3422,260,0.1110461718293395,380,0.1007088179209252,0.1220532175352623,0.3384615384615385,88,0.2811594239862942,0.399495579935102,0.0769230769230769,20,0.0476179338822571,0.1163027417096429,0.4038461538461538,105,0.3436830893226146,0.4662273905181014,0.3923076923076923,102,0.3325671781033015,0.4545330390534974,0.1115384615384615,29,0.0759837141337619,0.1562480667719029,0.4807692307692308,125,0.4186398066606019,0.5433419768273844,615,112566,0.1797194623027469,0.5463461435957572,764,15363,2.9384615384615387,4.972987046800755,38.0,14.0,77.0,125,3422.0,0.0
B,hgb,A,True,matched_patient,local,A,0.1,three_of_five,0.0336522491729919,False,3422,260,0.1168907071887784,400,0.1063105246622562,0.1281302591293105,0.3769230769230769,98,0.3177997323515889,0.438887072958268,0.0538461538461538,14,0.0297473585730786,0.0886951315816399,0.3923076923076923,102,0.3325671781033015,0.4545330390534974,0.4076923076923077,106,0.347395969811679,0.4701179653042774,0.0923076923076923,24,0.0600410871075467,0.1342309147895385,0.4461538461538462,116,0.3847290583281671,0.508820180070846,2915,112566,0.8518410286382233,2.5895918838725724,4621,15363,17.773076923076925,30.07876065872551,46.0,16.75,79.0,116,3422.0,0.0
B,hgb_no_observation_features,A,True,matched_patient,local,A,0.1,hourly,0.0805475067684589,False,3422,260,0.1052016364699006,360,0.0951163440889289,0.1159669742992832,0.1423076923076923,37,0.1022176612983699,0.1907788550380361,0.0384615384615384,10,0.0185952819765806,0.0695929420548848,0.2923076923076923,76,0.2377524548708487,0.3516689699650984,0.1846153846153846,48,0.1393705002338029,0.2372109036155398,0.0923076923076923,24,0.0600410871075467,0.1342309147895385,0.3307692307692307,86,0.2738809177986963,0.391568090107302,2686,112566,0.7849210987726476,2.386155677558055,842,15363,3.2384615384615385,5.480700384039576,29.0,11.25,68.0,86,3422.0,0.0
B,hgb_no_observation_features,A,True,matched_patient,local,A,0.1,single,0.0805475067684589,False,3422,260,0.1052016364699006,360,0.0951163440889289,0.1159669742992832,0.0384615384615384,10,0.0185952819765806,0.0695929420548848,0.0384615384615384,10,0.0185952819765806,0.0695929420548848,0.2923076923076923,76,0.2377524548708487,0.3516689699650984,0.0923076923076923,24,0.0600410871075467,0.1342309147895385,0.0923076923076923,24,0.0600410871075467,0.1342309147895385,0.3307692307692307,86,0.2738809177986963,0.391568090107302,360,112566,0.1052016364699006,0.3198123767389798,86,15363,0.3307692307692307,0.5597865000325457,29.0,11.25,68.0,86,3422.0,0.0
B,hgb_no_observation_features,A,True,matched_patient,local,A,0.1,silence4,0.0805475067684589,False,3422,260,0.1052016364699006,360,0.0951163440889289,0.1159669742992832,0.1346153846153846,35,0.0955876927993484,0.1822151519737537,0.0384615384615384,10,0.0185952819765806,0.0695929420548848,0.2923076923076923,76,0.2377524548708487,0.3516689699650984,0.1846153846153846,48,0.1393705002338029,0.2372109036155398,0.0923076923076923,24,0.0600410871075467,0.1342309147895385,0.3307692307692307,86,0.2738809177986963,0.391568090107302,952,112566,0.2781998831092928,0.8457260629319688,294,15363,1.1307692307692307,1.9136887326694003,29.0,11.25,68.0,86,3422.0,0.0
B,hgb_no_observation_features,A,True,matched_patient,local,A,0.1,silence6,0.0805475067684589,False,3422,260,0.1052016364699006,360,0.0951163440889289,0.1159669742992832,0.1307692307692307,34,0.0922894480034373,0.1779171090290837,0.0384615384615384,10,0.0185952819765806,0.0695929420548848,0.2923076923076923,76,0.2377524548708487,0.3516689699650984,0.1846153846153846,48,0.1393705002338029,0.2372109036155398,0.0923076923076923,24,0.0600410871075467,0.1342309147895385,0.3307692307692307,86,0.2738809177986963,0.391568090107302,760,112566,0.2220923436586791,0.6751594620045129,232,15363,0.8923076923076924,1.5101217210180304,29.0,11.25,68.0,86,3422.0,0.0
B,hgb_no_observation_features,A,True,matched_patient,local,A,0.1,three_of_five,0.0561204698789979,False,3422,260,0.102863822326125,352,0.0928820896615424,0.1135297516235414,0.1615384615384615,42,0.1189710961248018,0.2120149839123937,0.0461538461538461,12,0.02407258384609,0.0792330326140446,0.2538461538461538,66,0.2021008265892141,0.3112983035841803,0.1961538461538461,51,0.1496766110033807,0.2497049253986852,0.0769230769230769,20,0.0476179338822571,0.1163027417096429,0.3,78,0.2449417540688716,0.3596848263743174,3844,112566,1.1233196960841614,3.4148854894017733,1277,15363,4.911538461538462,8.312178610948383,32.5,11.5,64.25,78,3422.0,0.0
