source,model,test_site,transfer,comparison,endpoint,difference,ci_low,ci_high,n
A,logistic,A,False,three_of_five_minus_hourly_local10,false_alert,0.0017533606078316774,-0.004675628287551139,0.007890122735242549,3422
A,logistic,A,False,three_of_five_minus_hourly_local10,window6,0.03461538461538462,0.0037500000000000055,0.06538461538461539,260
A,logistic,A,False,three_of_five_minus_hourly_local10,first6,-0.015384615384615385,-0.03855769230769231,0.011538461538461539,260
A,logistic,A,False,three_of_five_minus_hourly_local10,negative_alerts_per_admission,0.5797779076563413,0.5023232028053769,0.6639465225014611,3422
A,logistic,A,False,silence4_minus_hourly_local10,false_alert,0.0,0.0,0.0,3422
A,logistic,A,False,silence4_minus_hourly_local10,window6,-0.0038461538461538464,-0.011538461538461539,0.0,260
A,logistic,A,False,silence4_minus_hourly_local10,first6,0.0,0.0,0.0,260
A,logistic,A,False,silence4_minus_hourly_local10,negative_alerts_per_admission,-0.3904149620105202,-0.46171829339567505,-0.3196887784921099,3422
A,logistic,A,False,silence6_minus_hourly_local10,false_alert,0.0,0.0,0.0,3422
A,logistic,A,False,silence6_minus_hourly_local10,window6,-0.019230769230769232,-0.03461538461538462,-0.0038461538461538464,260
A,logistic,A,False,silence6_minus_hourly_local10,first6,0.0,0.0,0.0,260
A,logistic,A,False,silence6_minus_hourly_local10,negative_alerts_per_admission,-0.44506136762127413,-0.5228156049094097,-0.3667445938047925,3422
A,logistic,B,True,three_of_five_minus_hourly_local10,false_alert,0.0020155485171321624,-0.003750359919378059,0.007774258566081198,3473
A,logistic,B,True,three_of_five_minus_hourly_local10,window6,0.03896103896103896,0.0,0.07792207792207792,154
A,logistic,B,True,three_of_five_minus_hourly_local10,first6,-0.006493506493506494,-0.045454545454545456,0.032467532467532464,154
A,logistic,B,True,three_of_five_minus_hourly_local10,negative_alerts_per_admission,0.5781744889144832,0.4943852577022747,0.6677296285632018,3473
A,logistic,B,True,silence4_minus_hourly_local10,false_alert,0.0,0.0,0.0,3473
A,logistic,B,True,silence4_minus_hourly_local10,window6,-0.012987012987012988,-0.032467532467532464,0.0,154
A,logistic,B,True,silence4_minus_hourly_local10,first6,0.0,0.0,0.0,154
A,logistic,B,True,silence4_minus_hourly_local10,negative_alerts_per_admission,-0.6501583645263461,-0.822063057875036,-0.49897782896631165,3473
A,logistic,B,True,silence6_minus_hourly_local10,false_alert,0.0,0.0,0.0,3473
A,logistic,B,True,silence6_minus_hourly_local10,window6,-0.032467532467532464,-0.05844155844155844,-0.006493506493506494,154
A,logistic,B,True,silence6_minus_hourly_local10,first6,0.0,0.0,0.0,154
A,logistic,B,True,silence6_minus_hourly_local10,negative_alerts_per_admission,-0.7408580477972934,-0.9352145119493234,-0.5741433918802188,3473
A,hgb,A,False,three_of_five_minus_hourly_local10,false_alert,-0.0058445353594389245,-0.012273524254821741,0.000299532437171205,3422
A,hgb,A,False,three_of_five_minus_hourly_local10,window6,0.0038461538461538464,-0.023076923076923078,0.03076923076923077,260
A,hgb,A,False,three_of_five_minus_hourly_local10,first6,-0.007692307692307693,-0.03076923076923077,0.019230769230769232,260
A,hgb,A,False,three_of_five_minus_hourly_local10,negative_alerts_per_admission,0.2960257159555815,0.2440093512565751,0.3497954412624196,3422
A,hgb,A,False,silence4_minus_hourly_local10,false_alert,0.0,0.0,0.0,3422
A,hgb,A,False,silence4_minus_hourly_local10,window6,-0.007692307692307693,-0.019230769230769232,0.0,260
A,hgb,A,False,silence4_minus_hourly_local10,first6,0.0,0.0,0.0,260
A,hgb,A,False,silence4_minus_hourly_local10,negative_alerts_per_admission,-0.32524839275277617,-0.3810710111046172,-0.2714713617767388,3422
A,hgb,A,False,silence6_minus_hourly_local10,false_alert,0.0,0.0,0.0,3422
A,hgb,A,False,silence6_minus_hourly_local10,window6,-0.011538461538461539,-0.026923076923076925,0.0,260
A,hgb,A,False,silence6_minus_hourly_local10,first6,0.0,0.0,0.0,260
A,hgb,A,False,silence6_minus_hourly_local10,negative_alerts_per_admission,-0.3652834599649328,-0.4263588544710695,-0.3065385739333723,3422
A,hgb,B,True,three_of_five_minus_hourly_local10,false_alert,0.0031672905269219693,-0.0028793550244745176,0.008933198963432152,3473
A,hgb,B,True,three_of_five_minus_hourly_local10,window6,0.006493506493506494,-0.032467532467532464,0.045454545454545456,154
A,hgb,B,True,three_of_five_minus_hourly_local10,first6,0.025974025974025976,-0.006493506493506494,0.06493506493506493,154
A,hgb,B,True,three_of_five_minus_hourly_local10,negative_alerts_per_admission,0.30290814857471926,0.25164843075151166,0.3541678663979268,3473
A,hgb,B,True,silence4_minus_hourly_local10,false_alert,0.0,0.0,0.0,3473
A,hgb,B,True,silence4_minus_hourly_local10,window6,-0.012987012987012988,-0.032467532467532464,0.0,154
A,hgb,B,True,silence4_minus_hourly_local10,first6,0.0,0.0,0.0,154
A,hgb,B,True,silence4_minus_hourly_local10,negative_alerts_per_admission,-0.8047797293406277,-1.067384105960265,-0.5649150590267781,3473
A,hgb,B,True,silence6_minus_hourly_local10,false_alert,0.0,0.0,0.0,3473
A,hgb,B,True,silence6_minus_hourly_local10,window6,-0.012987012987012988,-0.032467532467532464,0.0,154
A,hgb,B,True,silence6_minus_hourly_local10,first6,0.0,0.0,0.0,154
A,hgb,B,True,silence6_minus_hourly_local10,negative_alerts_per_admission,-0.9015260581629715,-1.2004319032536712,-0.6403685574431327,3473
A,hgb_no_observation_features,A,False,three_of_five_minus_hourly_local10,false_alert,-0.005260081823495032,-0.011111922852133254,0.0002922267679719462,3422
A,hgb_no_observation_features,A,False,three_of_five_minus_hourly_local10,window6,0.026923076923076925,-0.0038461538461538464,0.057692307692307696,260
A,hgb_no_observation_features,A,False,three_of_five_minus_hourly_local10,first6,0.007692307692307693,-0.019230769230769232,0.03461538461538462,260
A,hgb_no_observation_features,A,False,three_of_five_minus_hourly_local10,negative_alerts_per_admission,0.3080070134424313,0.25306838106370544,0.36265341905318527,3422
A,hgb_no_observation_features,A,False,silence4_minus_hourly_local10,false_alert,0.0,0.0,0.0,3422
A,hgb_no_observation_features,A,False,silence4_minus_hourly_local10,window6,0.0,0.0,0.0,260
A,hgb_no_observation_features,A,False,silence4_minus_hourly_local10,first6,0.0,0.0,0.0,260
A,hgb_no_observation_features,A,False,silence4_minus_hourly_local10,negative_alerts_per_admission,-0.5727644652250146,-0.6651154295733489,-0.4830289304500293,3422
A,hgb_no_observation_features,A,False,silence6_minus_hourly_local10,false_alert,0.0,0.0,0.0,3422
A,hgb_no_observation_features,A,False,silence6_minus_hourly_local10,window6,-0.015384615384615385,-0.03076923076923077,-0.0038461538461538464,260
A,hgb_no_observation_features,A,False,silence6_minus_hourly_local10,first6,0.0,0.0,0.0,260
A,hgb_no_observation_features,A,False,silence6_minus_hourly_local10,negative_alerts_per_admission,-0.6443600233781415,-0.7531195207481005,-0.5444111630625366,3422
A,hgb_no_observation_features,B,True,three_of_five_minus_hourly_local10,false_alert,-0.0014396775122372588,-0.007486323063633746,0.004031097034264325,3473
A,hgb_no_observation_features,B,True,three_of_five_minus_hourly_local10,window6,0.025974025974025976,-0.01948051948051948,0.06493506493506493,154
A,hgb_no_observation_features,B,True,three_of_five_minus_hourly_local10,first6,0.0,-0.032467532467532464,0.032467532467532464,154
A,hgb_no_observation_features,B,True,three_of_five_minus_hourly_local10,negative_alerts_per_admission,0.45349841635473653,0.3648070832133602,0.5479412611575007,3473
A,hgb_no_observation_features,B,True,silence4_minus_hourly_local10,false_alert,0.0,0.0,0.0,3473
A,hgb_no_observation_features,B,True,silence4_minus_hourly_local10,window6,-0.012987012987012988,-0.032467532467532464,0.0,154
A,hgb_no_observation_features,B,True,silence4_minus_hourly_local10,first6,0.0,0.0,0.0,154
A,hgb_no_observation_features,B,True,silence4_minus_hourly_local10,negative_alerts_per_admission,-0.6196372012669162,-0.7541246760725597,-0.503591995393032,3473
A,hgb_no_observation_features,B,True,silence6_minus_hourly_local10,false_alert,0.0,0.0,0.0,3473
A,hgb_no_observation_features,B,True,silence6_minus_hourly_local10,window6,-0.006493506493506494,-0.01948051948051948,0.0,154
A,hgb_no_observation_features,B,True,silence6_minus_hourly_local10,first6,0.0,0.0,0.0,154
A,hgb_no_observation_features,B,True,silence6_minus_hourly_local10,negative_alerts_per_admission,-0.6936366253959113,-0.8384897782896631,-0.5628995105096459,3473
B,logistic,A,True,three_of_five_minus_hourly_local10,false_alert,0.002630040911747516,-0.0061367621274108705,0.011396843950905903,3422
B,logistic,A,True,three_of_five_minus_hourly_local10,window6,0.08846153846153847,0.04230769230769231,0.13076923076923078,260
B,logistic,A,True,three_of_five_minus_hourly_local10,first6,0.0038461538461538464,-0.026923076923076925,0.03461538461538462,260
B,logistic,A,True,three_of_five_minus_hourly_local10,negative_alerts_per_admission,0.7857977790765635,0.6773597311513735,0.9003506721215664,3422
B,logistic,A,True,silence4_minus_hourly_local10,false_alert,0.0,0.0,0.0,3422
B,logistic,A,True,silence4_minus_hourly_local10,window6,-0.0038461538461538464,-0.011538461538461539,0.0,260
B,logistic,A,True,silence4_minus_hourly_local10,first6,0.0,0.0,0.0,260
B,logistic,A,True,silence4_minus_hourly_local10,negative_alerts_per_admission,-0.07802454704850964,-0.1043249561659848,-0.05406195207481005,3422
B,logistic,A,True,silence6_minus_hourly_local10,false_alert,0.0,0.0,0.0,3422
B,logistic,A,True,silence6_minus_hourly_local10,window6,-0.019230769230769232,-0.03461538461538462,-0.0038461538461538464,260
B,logistic,A,True,silence6_minus_hourly_local10,first6,0.0,0.0,0.0,260
B,logistic,A,True,silence6_minus_hourly_local10,negative_alerts_per_admission,-0.09643483343074226,-0.12741817650496784,-0.06925043834015199,3422
B,logistic,B,False,three_of_five_minus_hourly_local10,false_alert,-0.0005758710048949035,-0.006910452058738843,0.005758710048949035,3473
B,logistic,B,False,three_of_five_minus_hourly_local10,window6,-0.006493506493506494,-0.05194805194805195,0.032467532467532464,154
B,logistic,B,False,three_of_five_minus_hourly_local10,first6,0.006493506493506494,-0.045454545454545456,0.06493506493506493,154
B,logistic,B,False,three_of_five_minus_hourly_local10,negative_alerts_per_admission,0.677512237258854,0.5830477972934063,0.7828966311546214,3473
B,logistic,B,False,silence4_minus_hourly_local10,false_alert,0.0,0.0,0.0,3473
B,logistic,B,False,silence4_minus_hourly_local10,window6,0.0,0.0,0.0,154
B,logistic,B,False,silence4_minus_hourly_local10,first6,0.0,0.0,0.0,154
B,logistic,B,False,silence4_minus_hourly_local10,negative_alerts_per_admission,-0.7063057875035992,-0.9349841635473655,-0.5116325942988773,3473
B,logistic,B,False,silence6_minus_hourly_local10,false_alert,0.0,0.0,0.0,3473
B,logistic,B,False,silence6_minus_hourly_local10,window6,-0.025974025974025976,-0.05194805194805195,-0.006493506493506494,154
B,logistic,B,False,silence6_minus_hourly_local10,first6,0.0,0.0,0.0,154
B,logistic,B,False,silence6_minus_hourly_local10,negative_alerts_per_admission,-0.799884825799021,-1.0529873308378923,-0.5833573279585373,3473
B,hgb,A,True,three_of_five_minus_hourly_local10,false_alert,0.0058445353594389245,-0.0011689070718877848,0.012565751022793687,3422
B,hgb,A,True,three_of_five_minus_hourly_local10,window6,0.015384615384615385,-0.019230769230769232,0.05,260
B,hgb,A,True,three_of_five_minus_hourly_local10,first6,-0.023076923076923078,-0.05,0.0038461538461538464,260
B,hgb,A,True,three_of_five_minus_hourly_local10,negative_alerts_per_admission,0.3445353594389246,0.29192723553477495,0.3985973115137347,3422
B,hgb,A,True,silence4_minus_hourly_local10,false_alert,0.0,0.0,0.0,3422
B,hgb,A,True,silence4_minus_hourly_local10,window6,-0.015384615384615385,-0.03076923076923077,-0.0038461538461538464,260
B,hgb,A,True,silence4_minus_hourly_local10,first6,0.0,0.0,0.0,260
B,hgb,A,True,silence4_minus_hourly_local10,negative_alerts_per_admission,-0.2919345412039743,-0.3433810637054354,-0.24342489772063122,3422
B,hgb,A,True,silence6_minus_hourly_local10,false_alert,0.0,0.0,0.0,3422
B,hgb,A,True,silence6_minus_hourly_local10,window6,-0.023076923076923078,-0.04230769230769231,-0.007692307692307693,260
B,hgb,A,True,silence6_minus_hourly_local10,first6,0.0,0.0,0.0,260
B,hgb,A,True,silence6_minus_hourly_local10,negative_alerts_per_admission,-0.3275862068965517,-0.38399327878433664,-0.2752630040911748,3422
B,hgb,B,False,three_of_five_minus_hourly_local10,false_alert,-0.004606968039159228,-0.010653613590555715,0.0014396775122372588,3473
B,hgb,B,False,three_of_five_minus_hourly_local10,window6,0.0,-0.045454545454545456,0.039123376623375734,154
B,hgb,B,False,three_of_five_minus_hourly_local10,first6,-0.006493506493506494,-0.05194805194805195,0.03896103896103896,154
B,hgb,B,False,three_of_five_minus_hourly_local10,negative_alerts_per_admission,0.34725021595162686,0.265764468758998,0.4451554851713216,3473
B,hgb,B,False,silence4_minus_hourly_local10,false_alert,0.0,0.0,0.0,3473
B,hgb,B,False,silence4_minus_hourly_local10,window6,-0.006493506493506494,-0.01948051948051948,0.0,154
B,hgb,B,False,silence4_minus_hourly_local10,first6,0.0,0.0,0.0,154
B,hgb,B,False,silence4_minus_hourly_local10,negative_alerts_per_admission,-0.8082349553699971,-1.0527497840483733,-0.5937086092715232,3473
B,hgb,B,False,silence6_minus_hourly_local10,false_alert,0.0,0.0,0.0,3473
B,hgb,B,False,silence6_minus_hourly_local10,window6,-0.025974025974025976,-0.05194805194805195,-0.006493506493506494,154
B,hgb,B,False,silence6_minus_hourly_local10,first6,0.0,0.0,0.0,154
B,hgb,B,False,silence6_minus_hourly_local10,negative_alerts_per_admission,-0.9021019291678664,-1.1759429887705153,-0.6639576734811404,3473
B,hgb_no_observation_features,A,True,three_of_five_minus_hourly_local10,false_alert,-0.0023378141437755697,-0.008766803039158387,0.004091174751607247,3422
B,hgb_no_observation_features,A,True,three_of_five_minus_hourly_local10,window6,0.019230769230769232,-0.015384615384615385,0.05,260
B,hgb_no_observation_features,A,True,three_of_five_minus_hourly_local10,first6,0.007692307692307693,-0.019230769230769232,0.038461538461538464,260
B,hgb_no_observation_features,A,True,three_of_five_minus_hourly_local10,negative_alerts_per_admission,0.3383985973115137,0.2840371127995324,0.39948129748684974,3422
B,hgb_no_observation_features,A,True,silence4_minus_hourly_local10,false_alert,0.0,0.0,0.0,3422
B,hgb_no_observation_features,A,True,silence4_minus_hourly_local10,window6,-0.007692307692307693,-0.019230769230769232,0.0,260
B,hgb_no_observation_features,A,True,silence4_minus_hourly_local10,first6,0.0,0.0,0.0,260
B,hgb_no_observation_features,A,True,silence4_minus_hourly_local10,negative_alerts_per_admission,-0.5067212156633548,-0.5955873758036236,-0.42342928112215084,3422
B,hgb_no_observation_features,A,True,silence6_minus_hourly_local10,false_alert,0.0,0.0,0.0,3422
B,hgb_no_observation_features,A,True,silence6_minus_hourly_local10,window6,-0.011538461538461539,-0.026923076923076925,0.0,260
B,hgb_no_observation_features,A,True,silence6_minus_hourly_local10,first6,0.0,0.0,0.0,260
B,hgb_no_observation_features,A,True,silence6_minus_hourly_local10,negative_alerts_per_admission,-0.5628287551139685,-0.6630771478667447,-0.4690239625949737,3422
B,hgb_no_observation_features,B,False,three_of_five_minus_hourly_local10,false_alert,-0.0017276130146847107,-0.007198387561186294,0.003743161531816873,3473
B,hgb_no_observation_features,B,False,three_of_five_minus_hourly_local10,window6,0.012987012987012988,-0.032467532467532464,0.05844155844155844,154
B,hgb_no_observation_features,B,False,three_of_five_minus_hourly_local10,first6,0.006493506493506494,-0.025974025974025976,0.03896103896103896,154
B,hgb_no_observation_features,B,False,three_of_five_minus_hourly_local10,negative_alerts_per_admission,0.37460408868413475,0.303476821192053,0.4491865822055859,3473
B,hgb_no_observation_features,B,False,silence4_minus_hourly_local10,false_alert,0.0,0.0,0.0,3473
B,hgb_no_observation_features,B,False,silence4_minus_hourly_local10,window6,-0.025974025974025976,-0.05194805194805195,-0.006493506493506494,154
B,hgb_no_observation_features,B,False,silence4_minus_hourly_local10,first6,0.0,0.0,0.0,154
B,hgb_no_observation_features,B,False,silence4_minus_hourly_local10,negative_alerts_per_admission,-0.7411459832997409,-0.9274618485459257,-0.5968543046357617,3473
B,hgb_no_observation_features,B,False,silence6_minus_hourly_local10,false_alert,0.0,0.0,0.0,3473
B,hgb_no_observation_features,B,False,silence6_minus_hourly_local10,window6,-0.025974025974025976,-0.05194805194805195,-0.006493506493506494,154
B,hgb_no_observation_features,B,False,silence6_minus_hourly_local10,first6,0.0,0.0,0.0,154
B,hgb_no_observation_features,B,False,silence6_minus_hourly_local10,negative_alerts_per_admission,-0.8321336020731356,-1.0242441693060755,-0.671170457817449,3473
