source,model,test_site,cap,policy,threshold,threshold_infinite,calibration_nonseptic_patients
A,logistic,A,natural,source_hourly,0.0175243187331984,False,3422
A,logistic,A,natural,source_patient,0.033675748624532036,False,3422
A,logistic,A,natural,source_empirical_patient,0.03349542962911016,False,3422
A,logistic,A,natural,source_sensitivity80,0.015407878996993382,False,3422
A,logistic,A,natural,target_patient_all,0.033675748624532036,False,3422
A,logistic,A,natural,target_empirical_patient_all,0.03349542962911016,False,3422
A,logistic,B,natural,source_hourly,0.0175243187331984,False,3422
A,logistic,B,natural,source_patient,0.033675748624532036,False,3422
A,logistic,B,natural,source_empirical_patient,0.03349542962911016,False,3422
A,logistic,B,natural,source_sensitivity80,0.015407878996993382,False,3422
A,logistic,B,natural,target_patient_all,0.030017154655824503,False,3495
A,logistic,B,natural,target_empirical_patient_all,0.02999608386247286,False,3495
A,logistic,A,24,source_hourly,0.013777876707833068,False,3420
A,logistic,A,24,source_patient,0.024596588681534,False,3420
A,logistic,A,24,source_empirical_patient,0.024483691902270184,False,3420
A,logistic,A,24,source_sensitivity80,0.00776099954995946,False,3420
A,logistic,A,24,target_patient_all,0.024596588681534,False,3420
A,logistic,A,24,target_empirical_patient_all,0.024483691902270184,False,3420
A,logistic,B,24,source_hourly,0.013777876707833068,False,3420
A,logistic,B,24,source_patient,0.024596588681534,False,3420
A,logistic,B,24,source_empirical_patient,0.024483691902270184,False,3420
A,logistic,B,24,source_sensitivity80,0.00776099954995946,False,3420
A,logistic,B,24,target_patient_all,0.024128383946564906,False,3495
A,logistic,B,24,target_empirical_patient_all,0.024125374783224768,False,3495
A,logistic,A,48,source_hourly,0.016808124093465073,False,3422
A,logistic,A,48,source_patient,0.03196110488905229,False,3422
A,logistic,A,48,source_empirical_patient,0.03194255264780599,False,3422
A,logistic,A,48,source_sensitivity80,0.010087664622231627,False,3422
A,logistic,A,48,target_patient_all,0.03196110488905229,False,3422
A,logistic,A,48,target_empirical_patient_all,0.03194255264780599,False,3422
A,logistic,B,48,source_hourly,0.016808124093465073,False,3422
A,logistic,B,48,source_patient,0.03196110488905229,False,3422
A,logistic,B,48,source_empirical_patient,0.03194255264780599,False,3422
A,logistic,B,48,source_sensitivity80,0.010087664622231627,False,3422
A,logistic,B,48,target_patient_all,0.029221216798264667,False,3495
A,logistic,B,48,target_empirical_patient_all,0.02894332289575695,False,3495
A,logistic,A,72,source_hourly,0.01734095172178538,False,3422
A,logistic,A,72,source_patient,0.033675748624532036,False,3422
A,logistic,A,72,source_empirical_patient,0.03349542962911016,False,3422
A,logistic,A,72,source_sensitivity80,0.01118553074251484,False,3422
A,logistic,A,72,target_patient_all,0.033675748624532036,False,3422
A,logistic,A,72,target_empirical_patient_all,0.03349542962911016,False,3422
A,logistic,B,72,source_hourly,0.01734095172178538,False,3422
A,logistic,B,72,source_patient,0.033675748624532036,False,3422
A,logistic,B,72,source_empirical_patient,0.03349542962911016,False,3422
A,logistic,B,72,source_sensitivity80,0.01118553074251484,False,3422
A,logistic,B,72,target_patient_all,0.029712954898105496,False,3495
A,logistic,B,72,target_empirical_patient_all,0.029603106813561195,False,3495
A,hgb,A,natural,source_hourly,0.013977184932076126,False,3422
A,hgb,A,natural,source_patient,0.035746331797951565,False,3422
A,hgb,A,natural,source_empirical_patient,0.03570305753024042,False,3422
A,hgb,A,natural,source_sensitivity80,0.012491399264694898,False,3422
A,hgb,A,natural,target_patient_all,0.035746331797951565,False,3422
A,hgb,A,natural,target_empirical_patient_all,0.03570305753024042,False,3422
A,hgb,B,natural,source_hourly,0.013977184932076126,False,3422
A,hgb,B,natural,source_patient,0.035746331797951565,False,3422
A,hgb,B,natural,source_empirical_patient,0.03570305753024042,False,3422
A,hgb,B,natural,source_sensitivity80,0.012491399264694898,False,3422
A,hgb,B,natural,target_patient_all,0.026975598992269367,False,3495
A,hgb,B,natural,target_empirical_patient_all,0.026798315219203245,False,3495
A,hgb,A,24,source_hourly,0.011763620288703432,False,3420
A,hgb,A,24,source_patient,0.024363753650463484,False,3420
A,hgb,A,24,source_empirical_patient,0.02433703991839072,False,3420
A,hgb,A,24,source_sensitivity80,0.007050561473292143,False,3420
A,hgb,A,24,target_patient_all,0.024363753650463484,False,3420
A,hgb,A,24,target_empirical_patient_all,0.02433703991839072,False,3420
A,hgb,B,24,source_hourly,0.011763620288703432,False,3420
A,hgb,B,24,source_patient,0.024363753650463484,False,3420
A,hgb,B,24,source_empirical_patient,0.02433703991839072,False,3420
A,hgb,B,24,source_sensitivity80,0.007050561473292143,False,3420
A,hgb,B,24,target_patient_all,0.017737835967296545,False,3495
A,hgb,B,24,target_empirical_patient_all,0.017732256839489816,False,3495
A,hgb,A,48,source_hourly,0.012742405618103091,False,3422
A,hgb,A,48,source_patient,0.03029385420880939,False,3422
A,hgb,A,48,source_empirical_patient,0.0302357991764687,False,3422
A,hgb,A,48,source_sensitivity80,0.007788312511080102,False,3422
A,hgb,A,48,target_patient_all,0.03029385420880939,False,3422
A,hgb,A,48,target_empirical_patient_all,0.0302357991764687,False,3422
A,hgb,B,48,source_hourly,0.012742405618103091,False,3422
A,hgb,B,48,source_patient,0.03029385420880939,False,3422
A,hgb,B,48,source_empirical_patient,0.0302357991764687,False,3422
A,hgb,B,48,source_sensitivity80,0.007788312511080102,False,3422
A,hgb,B,48,target_patient_all,0.02063945315623199,False,3495
A,hgb,B,48,target_empirical_patient_all,0.02062172693318633,False,3495
A,hgb,A,72,source_hourly,0.013783469193689741,False,3422
A,hgb,A,72,source_patient,0.035746331797951565,False,3422
A,hgb,A,72,source_empirical_patient,0.03570305753024042,False,3422
A,hgb,A,72,source_sensitivity80,0.008246485240535669,False,3422
A,hgb,A,72,target_patient_all,0.035746331797951565,False,3422
A,hgb,A,72,target_empirical_patient_all,0.03570305753024042,False,3422
A,hgb,B,72,source_hourly,0.013783469193689741,False,3422
A,hgb,B,72,source_patient,0.035746331797951565,False,3422
A,hgb,B,72,source_empirical_patient,0.03570305753024042,False,3422
A,hgb,B,72,source_sensitivity80,0.008246485240535669,False,3422
A,hgb,B,72,target_patient_all,0.026975598992269367,False,3495
A,hgb,B,72,target_empirical_patient_all,0.026798315219203245,False,3495
A,hgb_no_observation_features,A,natural,source_hourly,0.019704533064867864,False,3422
A,hgb_no_observation_features,A,natural,source_patient,0.04074578935779344,False,3422
A,hgb_no_observation_features,A,natural,source_empirical_patient,0.04061694979260595,False,3422
A,hgb_no_observation_features,A,natural,source_sensitivity80,0.011905272801859075,False,3422
A,hgb_no_observation_features,A,natural,target_patient_all,0.04074578935779344,False,3422
A,hgb_no_observation_features,A,natural,target_empirical_patient_all,0.04061694979260595,False,3422
A,hgb_no_observation_features,B,natural,source_hourly,0.019704533064867864,False,3422
A,hgb_no_observation_features,B,natural,source_patient,0.04074578935779344,False,3422
A,hgb_no_observation_features,B,natural,source_empirical_patient,0.04061694979260595,False,3422
A,hgb_no_observation_features,B,natural,source_sensitivity80,0.011905272801859075,False,3422
A,hgb_no_observation_features,B,natural,target_patient_all,0.02721491839666973,False,3495
A,hgb_no_observation_features,B,natural,target_empirical_patient_all,0.027189278002339036,False,3495
A,hgb_no_observation_features,A,24,source_hourly,0.015095217626831116,False,3420
A,hgb_no_observation_features,A,24,source_patient,0.029891812028390998,False,3420
A,hgb_no_observation_features,A,24,source_empirical_patient,0.02987540825258287,False,3420
A,hgb_no_observation_features,A,24,source_sensitivity80,0.006969566678200025,False,3420
A,hgb_no_observation_features,A,24,target_patient_all,0.029891812028390998,False,3420
A,hgb_no_observation_features,A,24,target_empirical_patient_all,0.02987540825258287,False,3420
A,hgb_no_observation_features,B,24,source_hourly,0.015095217626831116,False,3420
A,hgb_no_observation_features,B,24,source_patient,0.029891812028390998,False,3420
A,hgb_no_observation_features,B,24,source_empirical_patient,0.02987540825258287,False,3420
A,hgb_no_observation_features,B,24,source_sensitivity80,0.006969566678200025,False,3420
A,hgb_no_observation_features,B,24,target_patient_all,0.02214043745779239,False,3495
A,hgb_no_observation_features,B,24,target_empirical_patient_all,0.022102547134282453,False,3495
A,hgb_no_observation_features,A,48,source_hourly,0.01908356091469415,False,3422
A,hgb_no_observation_features,A,48,source_patient,0.040275107992924,False,3422
A,hgb_no_observation_features,A,48,source_empirical_patient,0.04016054349450023,False,3422
A,hgb_no_observation_features,A,48,source_sensitivity80,0.007639268803619184,False,3422
A,hgb_no_observation_features,A,48,target_patient_all,0.040275107992924,False,3422
A,hgb_no_observation_features,A,48,target_empirical_patient_all,0.04016054349450023,False,3422
A,hgb_no_observation_features,B,48,source_hourly,0.01908356091469415,False,3422
A,hgb_no_observation_features,B,48,source_patient,0.040275107992924,False,3422
A,hgb_no_observation_features,B,48,source_empirical_patient,0.04016054349450023,False,3422
A,hgb_no_observation_features,B,48,source_sensitivity80,0.007639268803619184,False,3422
A,hgb_no_observation_features,B,48,target_patient_all,0.02647182172587681,False,3495
A,hgb_no_observation_features,B,48,target_empirical_patient_all,0.0263669834435329,False,3495
A,hgb_no_observation_features,A,72,source_hourly,0.019541063436768945,False,3422
A,hgb_no_observation_features,A,72,source_patient,0.04074578935779344,False,3422
A,hgb_no_observation_features,A,72,source_empirical_patient,0.04061694979260595,False,3422
A,hgb_no_observation_features,A,72,source_sensitivity80,0.008866051535215936,False,3422
A,hgb_no_observation_features,A,72,target_patient_all,0.04074578935779344,False,3422
A,hgb_no_observation_features,A,72,target_empirical_patient_all,0.04061694979260595,False,3422
A,hgb_no_observation_features,B,72,source_hourly,0.019541063436768945,False,3422
A,hgb_no_observation_features,B,72,source_patient,0.04074578935779344,False,3422
A,hgb_no_observation_features,B,72,source_empirical_patient,0.04061694979260595,False,3422
A,hgb_no_observation_features,B,72,source_sensitivity80,0.008866051535215936,False,3422
A,hgb_no_observation_features,B,72,target_patient_all,0.026872005192322426,False,3495
A,hgb_no_observation_features,B,72,target_empirical_patient_all,0.02684854247005516,False,3495
B,logistic,A,natural,source_hourly,0.010981752573481784,False,3495
B,logistic,A,natural,source_patient,0.023844649237488674,False,3495
B,logistic,A,natural,source_empirical_patient,0.023791281581110577,False,3495
B,logistic,A,natural,source_sensitivity80,0.00900870872686696,False,3495
B,logistic,A,natural,target_patient_all,0.11250631903816018,False,3422
B,logistic,A,natural,target_empirical_patient_all,0.11207116687282712,False,3422
B,logistic,B,natural,source_hourly,0.010981752573481784,False,3495
B,logistic,B,natural,source_patient,0.023844649237488674,False,3495
B,logistic,B,natural,source_empirical_patient,0.023791281581110577,False,3495
B,logistic,B,natural,source_sensitivity80,0.00900870872686696,False,3495
B,logistic,B,natural,target_patient_all,0.023844649237488674,False,3495
B,logistic,B,natural,target_empirical_patient_all,0.023791281581110577,False,3495
B,logistic,A,24,source_hourly,0.007060591613921313,False,3495
B,logistic,A,24,source_patient,0.015752311460557934,False,3495
B,logistic,A,24,source_empirical_patient,0.015697642284674178,False,3495
B,logistic,A,24,source_sensitivity80,0.003141941524374796,False,3495
B,logistic,A,24,target_patient_all,0.08440999558995314,False,3420
B,logistic,A,24,target_empirical_patient_all,0.08440492440539268,False,3420
B,logistic,B,24,source_hourly,0.007060591613921313,False,3495
B,logistic,B,24,source_patient,0.015752311460557934,False,3495
B,logistic,B,24,source_empirical_patient,0.015697642284674178,False,3495
B,logistic,B,24,source_sensitivity80,0.003141941524374796,False,3495
B,logistic,B,24,target_patient_all,0.015752311460557934,False,3495
B,logistic,B,24,target_empirical_patient_all,0.015697642284674178,False,3495
B,logistic,A,48,source_hourly,0.009535085298915835,False,3495
B,logistic,A,48,source_patient,0.02275879315070629,False,3495
B,logistic,A,48,source_empirical_patient,0.022675272745389045,False,3495
B,logistic,A,48,source_sensitivity80,0.005510745271831422,False,3495
B,logistic,A,48,target_patient_all,0.1094196896152275,False,3422
B,logistic,A,48,target_empirical_patient_all,0.1089704672120586,False,3422
B,logistic,B,48,source_hourly,0.009535085298915835,False,3495
B,logistic,B,48,source_patient,0.02275879315070629,False,3495
B,logistic,B,48,source_empirical_patient,0.022675272745389045,False,3495
B,logistic,B,48,source_sensitivity80,0.005510745271831422,False,3495
B,logistic,B,48,target_patient_all,0.02275879315070629,False,3495
B,logistic,B,48,target_empirical_patient_all,0.022675272745389045,False,3495
B,logistic,A,72,source_hourly,0.01007525727770201,False,3495
B,logistic,A,72,source_patient,0.02333030876430549,False,3495
B,logistic,A,72,source_empirical_patient,0.0233048622157066,False,3495
B,logistic,A,72,source_sensitivity80,0.006383226125880958,False,3495
B,logistic,A,72,target_patient_all,0.11207116687282712,False,3422
B,logistic,A,72,target_empirical_patient_all,0.11198090367118169,False,3422
B,logistic,B,72,source_hourly,0.01007525727770201,False,3495
B,logistic,B,72,source_patient,0.02333030876430549,False,3495
B,logistic,B,72,source_empirical_patient,0.0233048622157066,False,3495
B,logistic,B,72,source_sensitivity80,0.006383226125880958,False,3495
B,logistic,B,72,target_patient_all,0.02333030876430549,False,3495
B,logistic,B,72,target_empirical_patient_all,0.0233048622157066,False,3495
B,hgb,A,natural,source_hourly,0.007666274787902478,False,3495
B,hgb,A,natural,source_patient,0.020346180277781935,False,3495
B,hgb,A,natural,source_empirical_patient,0.020311395947746537,False,3495
B,hgb,A,natural,source_sensitivity80,0.00925265778488608,False,3495
B,hgb,A,natural,target_patient_all,0.05501590692143607,False,3422
B,hgb,A,natural,target_empirical_patient_all,0.05481943186678497,False,3422
B,hgb,B,natural,source_hourly,0.007666274787902478,False,3495
B,hgb,B,natural,source_patient,0.020346180277781935,False,3495
B,hgb,B,natural,source_empirical_patient,0.020311395947746537,False,3495
B,hgb,B,natural,source_sensitivity80,0.00925265778488608,False,3495
B,hgb,B,natural,target_patient_all,0.020346180277781935,False,3495
B,hgb,B,natural,target_empirical_patient_all,0.020311395947746537,False,3495
B,hgb,A,24,source_hourly,0.004251789020906164,False,3495
B,hgb,A,24,source_patient,0.009728574721459724,False,3495
B,hgb,A,24,source_empirical_patient,0.009722763267191752,False,3495
B,hgb,A,24,source_sensitivity80,0.0024423224340607455,False,3495
B,hgb,A,24,target_patient_all,0.028620004974365888,False,3420
B,hgb,A,24,target_empirical_patient_all,0.02858091129872815,False,3420
B,hgb,B,24,source_hourly,0.004251789020906164,False,3495
B,hgb,B,24,source_patient,0.009728574721459724,False,3495
B,hgb,B,24,source_empirical_patient,0.009722763267191752,False,3495
B,hgb,B,24,source_sensitivity80,0.0024423224340607455,False,3495
B,hgb,B,24,target_patient_all,0.009728574721459724,False,3495
B,hgb,B,24,target_empirical_patient_all,0.009722763267191752,False,3495
B,hgb,A,48,source_hourly,0.005999898489692888,False,3495
B,hgb,A,48,source_patient,0.01743068853814233,False,3495
B,hgb,A,48,source_empirical_patient,0.017293704287542913,False,3495
B,hgb,A,48,source_sensitivity80,0.004189908190306462,False,3495
B,hgb,A,48,target_patient_all,0.04801669678009952,False,3422
B,hgb,A,48,target_empirical_patient_all,0.047955287506352834,False,3422
B,hgb,B,48,source_hourly,0.005999898489692888,False,3495
B,hgb,B,48,source_patient,0.01743068853814233,False,3495
B,hgb,B,48,source_empirical_patient,0.017293704287542913,False,3495
B,hgb,B,48,source_sensitivity80,0.004189908190306462,False,3495
B,hgb,B,48,target_patient_all,0.01743068853814233,False,3495
B,hgb,B,48,target_empirical_patient_all,0.017293704287542913,False,3495
B,hgb,A,72,source_hourly,0.0066294367527707145,False,3495
B,hgb,A,72,source_patient,0.01989938408918887,False,3495
B,hgb,A,72,source_empirical_patient,0.019897087711440033,False,3495
B,hgb,A,72,source_sensitivity80,0.005611468634529328,False,3495
B,hgb,A,72,target_patient_all,0.05501590692143607,False,3422
B,hgb,A,72,target_empirical_patient_all,0.05481943186678497,False,3422
B,hgb,B,72,source_hourly,0.0066294367527707145,False,3495
B,hgb,B,72,source_patient,0.01989938408918887,False,3495
B,hgb,B,72,source_empirical_patient,0.019897087711440033,False,3495
B,hgb,B,72,source_sensitivity80,0.005611468634529328,False,3495
B,hgb,B,72,target_patient_all,0.01989938408918887,False,3495
B,hgb,B,72,target_empirical_patient_all,0.019897087711440033,False,3495
B,hgb_no_observation_features,A,natural,source_hourly,0.011076022210605347,False,3495
B,hgb_no_observation_features,A,natural,source_patient,0.02672470988598033,False,3495
B,hgb_no_observation_features,A,natural,source_empirical_patient,0.02672104097281133,False,3495
B,hgb_no_observation_features,A,natural,source_sensitivity80,0.0067090573169346695,False,3495
B,hgb_no_observation_features,A,natural,target_patient_all,0.08054750676845894,False,3422
B,hgb_no_observation_features,A,natural,target_empirical_patient_all,0.08044334602985176,False,3422
B,hgb_no_observation_features,B,natural,source_hourly,0.011076022210605347,False,3495
B,hgb_no_observation_features,B,natural,source_patient,0.02672470988598033,False,3495
B,hgb_no_observation_features,B,natural,source_empirical_patient,0.02672104097281133,False,3495
B,hgb_no_observation_features,B,natural,source_sensitivity80,0.0067090573169346695,False,3495
B,hgb_no_observation_features,B,natural,target_patient_all,0.02672470988598033,False,3495
B,hgb_no_observation_features,B,natural,target_empirical_patient_all,0.02672104097281133,False,3495
B,hgb_no_observation_features,A,24,source_hourly,0.0073415729482141446,False,3495
B,hgb_no_observation_features,A,24,source_patient,0.017049136358921555,False,3495
B,hgb_no_observation_features,A,24,source_empirical_patient,0.017049103166966093,False,3495
B,hgb_no_observation_features,A,24,source_sensitivity80,0.0026449142639556086,False,3495
B,hgb_no_observation_features,A,24,target_patient_all,0.05046397884886005,False,3420
B,hgb_no_observation_features,A,24,target_empirical_patient_all,0.05037966709405622,False,3420
B,hgb_no_observation_features,B,24,source_hourly,0.0073415729482141446,False,3495
B,hgb_no_observation_features,B,24,source_patient,0.017049136358921555,False,3495
B,hgb_no_observation_features,B,24,source_empirical_patient,0.017049103166966093,False,3495
B,hgb_no_observation_features,B,24,source_sensitivity80,0.0026449142639556086,False,3495
B,hgb_no_observation_features,B,24,target_patient_all,0.017049136358921555,False,3495
B,hgb_no_observation_features,B,24,target_empirical_patient_all,0.017049103166966093,False,3495
B,hgb_no_observation_features,A,48,source_hourly,0.010259765256398318,False,3495
B,hgb_no_observation_features,A,48,source_patient,0.025650637342602554,False,3495
B,hgb_no_observation_features,A,48,source_empirical_patient,0.025590383288999038,False,3495
B,hgb_no_observation_features,A,48,source_sensitivity80,0.005692801261524612,False,3495
B,hgb_no_observation_features,A,48,target_patient_all,0.07823459248150738,False,3422
B,hgb_no_observation_features,A,48,target_empirical_patient_all,0.07817785637509782,False,3422
B,hgb_no_observation_features,B,48,source_hourly,0.010259765256398318,False,3495
B,hgb_no_observation_features,B,48,source_patient,0.025650637342602554,False,3495
B,hgb_no_observation_features,B,48,source_empirical_patient,0.025590383288999038,False,3495
B,hgb_no_observation_features,B,48,source_sensitivity80,0.005692801261524612,False,3495
B,hgb_no_observation_features,B,48,target_patient_all,0.025650637342602554,False,3495
B,hgb_no_observation_features,B,48,target_empirical_patient_all,0.025590383288999038,False,3495
B,hgb_no_observation_features,A,72,source_hourly,0.010729258524310408,False,3495
B,hgb_no_observation_features,A,72,source_patient,0.02672104097281133,False,3495
B,hgb_no_observation_features,A,72,source_empirical_patient,0.026695935727172753,False,3495
B,hgb_no_observation_features,A,72,source_sensitivity80,0.005763195008754756,False,3495
B,hgb_no_observation_features,A,72,target_patient_all,0.08054750676845894,False,3422
B,hgb_no_observation_features,A,72,target_empirical_patient_all,0.08044334602985176,False,3422
B,hgb_no_observation_features,B,72,source_hourly,0.010729258524310408,False,3495
B,hgb_no_observation_features,B,72,source_patient,0.02672104097281133,False,3495
B,hgb_no_observation_features,B,72,source_empirical_patient,0.026695935727172753,False,3495
B,hgb_no_observation_features,B,72,source_sensitivity80,0.005763195008754756,False,3495
B,hgb_no_observation_features,B,72,target_patient_all,0.02672104097281133,False,3495
B,hgb_no_observation_features,B,72,target_empirical_patient_all,0.026695935727172753,False,3495
