source,model,input_variant,test_hours,hourly_positive_prevalence,hourly_auroc,hourly_average_precision,hourly_brier
A,logistic,native_numeric,19645,0.0051921608551794346,0.5428386674733343,0.005467784471265516,0.0062254780225227575
A,logistic,mask_ambiguous_units,19645,0.0051921608551794346,0.5332108282088868,0.00541215505335091,0.005832546724991934
A,hgb,native_numeric,19645,0.0051921608551794346,0.5863395248085419,0.0058525196165714055,0.008651115132292143
A,hgb,mask_ambiguous_units,19645,0.0051921608551794346,0.5810399992776111,0.005828750848625163,0.008270358776324845
A,hgb_no_observation_features,native_numeric,19645,0.0051921608551794346,0.6437794787361806,0.008393242420195905,0.00526023750406353
A,hgb_no_observation_features,mask_ambiguous_units,19645,0.0051921608551794346,0.6347626601170069,0.007058644380461282,0.005223909046845717
B,logistic,native_numeric,19645,0.0051921608551794346,0.4762017993504519,0.004793084865827387,0.006353209383885541
B,logistic,mask_ambiguous_units,19645,0.0051921608551794346,0.4760297303181621,0.004703875692400682,0.006157395645107456
B,hgb,native_numeric,19645,0.0051921608551794346,0.5448330127732411,0.0054720682986678475,0.00789611885759239
B,hgb,mask_ambiguous_units,19645,0.0051921608551794346,0.5506547653088765,0.005555568039222714,0.007416801418900983
B,hgb_no_observation_features,native_numeric,19645,0.0051921608551794346,0.6021972161939534,0.006214143668260624,0.0063565822148618015
B,hgb_no_observation_features,mask_ambiguous_units,19645,0.0051921608551794346,0.6042720777611561,0.0064067850008618895,0.006029043585283725
