source,model,test_site,transfer,cap,model_converged,hourly_auroc,hourly_average_precision,hourly_brier,hourly_positive_prevalence,hours
A,logistic,A,False,natural,True,0.7822051405823929,0.06446108711740395,0.011741002182031769,0.012194264005815726,127929
A,logistic,B,True,natural,True,0.7312551054114153,0.03087185353868156,0.0075332849355878645,0.007612644899775081,121377
A,logistic,A,False,24,True,0.6941904996611618,0.014974003269500089,0.006468511424083722,0.006518925655487561,62587
A,logistic,B,True,24,True,0.6051881504584695,0.005707071221460913,0.0037397967384850427,0.00371033360455655,61450
A,logistic,A,False,48,True,0.7105817151994176,0.019170729266227676,0.007119362648408463,0.007194893248701674,110912
A,logistic,B,True,48,True,0.636386577321151,0.0067910594166318075,0.004330246852943747,0.004303348306972179,105964
A,logistic,A,False,72,True,0.7415422329454153,0.033130188079934474,0.008934068214499812,0.009119160425900453,117774
A,logistic,B,True,72,True,0.6691019057711586,0.010244938237745669,0.005524663883525569,0.005532082497851618,111712
A,hgb,A,False,natural,True,0.8258144975713169,0.08338267489517368,0.011636036835503275,0.012194264005815726,127929
A,hgb,B,True,natural,True,0.7507379070416105,0.037360700959939326,0.008417648269293344,0.007612644899775081,121377
A,hgb,A,False,24,True,0.7469954706982906,0.018914910576062482,0.006487804248807456,0.006518925655487561,62587
A,hgb,B,True,24,True,0.6704292889782196,0.008103476170540733,0.0037297894095418664,0.00371033360455655,61450
A,hgb,A,False,48,True,0.7635046645438268,0.024274973108945226,0.007110294530902898,0.007194893248701674,110912
A,hgb,B,True,48,True,0.6536653868102793,0.009457239620727344,0.004309151145743401,0.004303348306972179,105964
A,hgb,A,False,72,True,0.792349296848945,0.06183954219433128,0.008810096158775078,0.009119160425900453,117774
A,hgb,B,True,72,True,0.679854979220198,0.021942622916327162,0.005500231610798016,0.005532082497851618,111712
A,hgb_no_observation_features,A,False,natural,True,0.7624458215673229,0.04240801271169716,0.011908595996606356,0.012194264005815726,127929
A,hgb_no_observation_features,B,True,natural,True,0.7129788062330216,0.021375835668267278,0.007638704852486508,0.007612644899775081,121377
A,hgb_no_observation_features,A,False,24,True,0.7097744998705509,0.018170033775709787,0.006499769871109933,0.006518925655487561,62587
A,hgb_no_observation_features,B,True,24,True,0.6800925679164754,0.00685492757846374,0.0037418725308972526,0.00371033360455655,61450
A,hgb_no_observation_features,A,False,48,True,0.7225736674450353,0.019871161171102113,0.007188613285655245,0.007194893248701674,110912
A,hgb_no_observation_features,B,True,48,True,0.6814467257492406,0.011469293354904183,0.004325177318424702,0.004303348306972179,105964
A,hgb_no_observation_features,A,False,72,True,0.7371677685066836,0.02917256768552844,0.00900197473351424,0.009119160425900453,117774
A,hgb_no_observation_features,B,True,72,True,0.6965099688458819,0.014391358872112545,0.005523564459351852,0.005532082497851618,111712
B,logistic,A,True,natural,True,0.6968982168825484,0.04319968702638518,0.012222573407585917,0.012194264005815726,127929
B,logistic,B,False,natural,True,0.7986821340349273,0.05739174953099405,0.007672971818720952,0.007612644899775081,121377
B,logistic,A,True,24,True,0.5834053502711495,0.009708634635022396,0.0068838409021558,0.006518925655487561,62587
B,logistic,B,False,24,True,0.704795375128881,0.011271385798259386,0.0037176537824508008,0.00371033360455655,61450
B,logistic,A,True,48,True,0.5908676303250635,0.010701159361005602,0.007563712246091133,0.007194893248701674,110912
B,logistic,B,False,48,True,0.7169029420900318,0.015764113346188435,0.004290698159062373,0.004303348306972179,105964
B,logistic,A,True,72,True,0.6319218770694407,0.018748703473389056,0.009369837418666578,0.009119160425900453,117774
B,logistic,B,False,72,True,0.7583605690810366,0.025721917726872733,0.005465050828609291,0.005532082497851618,111712
B,hgb,A,True,natural,True,0.777361615078836,0.05797213307118391,0.012331008643978658,0.012194264005815726,127929
B,hgb,B,False,natural,True,0.8318905744810454,0.04830114487544597,0.008168801082760045,0.007612644899775081,121377
B,hgb,A,True,24,True,0.6798015982635837,0.01130331228113253,0.006598458796509757,0.006518925655487561,62587
B,hgb,B,False,24,True,0.7506797593686939,0.0102055569638966,0.003702939431353953,0.00371033360455655,61450
B,hgb,A,True,48,True,0.6872379310883234,0.014690782675570172,0.007271862233364826,0.007194893248701674,110912
B,hgb,B,False,48,True,0.7695884165098648,0.014577406988114919,0.004292481438905685,0.004303348306972179,105964
B,hgb,A,True,72,True,0.7296864423412943,0.03469732338857287,0.009010770249581614,0.009119160425900453,117774
B,hgb,B,False,72,True,0.8048323810798902,0.033043276407166755,0.005458122866550554,0.005532082497851618,111712
B,hgb_no_observation_features,A,True,natural,True,0.7005166873935125,0.027215855949310263,0.012637640138860524,0.012194264005815726,127929
B,hgb_no_observation_features,B,False,natural,True,0.7965426591457077,0.033320523791514615,0.007730056364681945,0.007612644899775081,121377
B,hgb_no_observation_features,A,True,24,True,0.6521859407170127,0.011335095491772515,0.006880042782432778,0.006518925655487561,62587
B,hgb_no_observation_features,B,False,24,True,0.7253618840148621,0.00876910056028139,0.0037737211517220627,0.00371033360455655,61450
B,hgb_no_observation_features,A,True,48,True,0.6588260113931595,0.012661735256338878,0.00788089460948514,0.007194893248701674,110912
B,hgb_no_observation_features,B,False,48,True,0.7530095414732001,0.02029028698474889,0.004346416233426907,0.004303348306972179,105964
B,hgb_no_observation_features,A,True,72,True,0.6674321183572451,0.01700343007062967,0.009736106829797492,0.009119160425900453,117774
B,hgb_no_observation_features,B,False,72,True,0.7842632522690047,0.027333349390628335,0.00551523463915469,0.005532082497851618,111712
