id,site,role,reason,duplicate_of
A_p000034,A,train,early_or_left_censored_onset,
A_p000056,A,train,early_or_left_censored_onset,
A_p000058,A,train,early_or_left_censored_onset,
A_p000063,A,train,early_or_left_censored_onset,
A_p000211,A,train,early_or_left_censored_onset,
A_p000260,A,train,early_or_left_censored_onset,
A_p000371,A,train,early_or_left_censored_onset,
A_p000545,A,train,early_or_left_censored_onset,
A_p000616,A,train,early_or_left_censored_onset,
A_p000730,A,train,early_or_left_censored_onset,
A_p000811,A,train,early_or_left_censored_onset,
A_p000999,A,train,early_or_left_censored_onset,
A_p001084,A,train,early_or_left_censored_onset,
A_p001226,A,train,early_or_left_censored_onset,
A_p001245,A,train,early_or_left_censored_onset,
A_p001336,A,train,early_or_left_censored_onset,
A_p001435,A,train,early_or_left_censored_onset,
A_p001519,A,train,early_or_left_censored_onset,
A_p001669,A,train,early_or_left_censored_onset,
A_p001670,A,train,early_or_left_censored_onset,
A_p001810,A,train,early_or_left_censored_onset,
A_p001912,A,train,early_or_left_censored_onset,
A_p001993,A,train,early_or_left_censored_onset,
A_p002034,A,train,early_or_left_censored_onset,
A_p002161,A,train,early_or_left_censored_onset,
A_p002203,A,train,early_or_left_censored_onset,
A_p002670,A,train,early_or_left_censored_onset,
A_p002853,A,train,early_or_left_censored_onset,
A_p002872,A,train,early_or_left_censored_onset,
A_p002925,A,train,early_or_left_censored_onset,
A_p003161,A,train,early_or_left_censored_onset,
A_p003233,A,train,early_or_left_censored_onset,
A_p003332,A,train,early_or_left_censored_onset,
A_p003390,A,train,early_or_left_censored_onset,
A_p003438,A,train,early_or_left_censored_onset,
A_p003457,A,train,early_or_left_censored_onset,
A_p003486,A,train,early_or_left_censored_onset,
A_p003523,A,train,early_or_left_censored_onset,
A_p003539,A,train,early_or_left_censored_onset,
A_p003648,A,train,early_or_left_censored_onset,
A_p003698,A,train,early_or_left_censored_onset,
A_p003752,A,train,early_or_left_censored_onset,
A_p004132,A,train,early_or_left_censored_onset,
A_p004158,A,train,early_or_left_censored_onset,
A_p004209,A,train,early_or_left_censored_onset,
A_p004326,A,train,early_or_left_censored_onset,
A_p004426,A,train,early_or_left_censored_onset,
A_p004452,A,train,early_or_left_censored_onset,
A_p004740,A,train,early_or_left_censored_onset,
A_p004819,A,train,early_or_left_censored_onset,
A_p004939,A,train,early_or_left_censored_onset,
A_p005129,A,train,early_or_left_censored_onset,
A_p005154,A,train,early_or_left_censored_onset,
A_p005191,A,train,early_or_left_censored_onset,
A_p005316,A,train,early_or_left_censored_onset,
A_p005317,A,train,early_or_left_censored_onset,
A_p005511,A,train,early_or_left_censored_onset,
A_p005688,A,train,early_or_left_censored_onset,
A_p005876,A,train,early_or_left_censored_onset,
A_p006265,A,train,early_or_left_censored_onset,
A_p006476,A,train,early_or_left_censored_onset,
A_p006632,A,train,early_or_left_censored_onset,
A_p006765,A,train,early_or_left_censored_onset,
A_p007186,A,train,early_or_left_censored_onset,
A_p007252,A,train,early_or_left_censored_onset,
A_p007280,A,train,early_or_left_censored_onset,
A_p007538,A,train,early_or_left_censored_onset,
A_p007678,A,train,early_or_left_censored_onset,
A_p007717,A,train,early_or_left_censored_onset,
A_p007870,A,train,early_or_left_censored_onset,
A_p007963,A,train,early_or_left_censored_onset,
A_p007987,A,train,early_or_left_censored_onset,
A_p008040,A,train,early_or_left_censored_onset,
A_p008050,A,train,early_or_left_censored_onset,
A_p008205,A,train,early_or_left_censored_onset,
A_p008255,A,train,early_or_left_censored_onset,
A_p008706,A,train,early_or_left_censored_onset,
A_p008737,A,train,early_or_left_censored_onset,
A_p008781,A,train,early_or_left_censored_onset,
A_p008852,A,train,early_or_left_censored_onset,
A_p009023,A,train,early_or_left_censored_onset,
A_p009145,A,train,early_or_left_censored_onset,
A_p009435,A,train,early_or_left_censored_onset,
A_p009441,A,train,early_or_left_censored_onset,
A_p009513,A,train,early_or_left_censored_onset,
A_p009558,A,train,early_or_left_censored_onset,
A_p009640,A,train,early_or_left_censored_onset,
A_p009671,A,train,early_or_left_censored_onset,
A_p009776,A,train,early_or_left_censored_onset,
A_p009785,A,train,early_or_left_censored_onset,
A_p009831,A,train,early_or_left_censored_onset,
A_p009835,A,train,early_or_left_censored_onset,
A_p010209,A,train,early_or_left_censored_onset,
A_p010782,A,train,early_or_left_censored_onset,
A_p010880,A,train,early_or_left_censored_onset,
A_p010954,A,train,early_or_left_censored_onset,
A_p011120,A,train,early_or_left_censored_onset,
A_p011290,A,train,early_or_left_censored_onset,
A_p011442,A,train,early_or_left_censored_onset,
A_p011634,A,train,early_or_left_censored_onset,
A_p011656,A,train,early_or_left_censored_onset,
A_p011901,A,train,early_or_left_censored_onset,
A_p011929,A,train,early_or_left_censored_onset,
A_p011953,A,train,early_or_left_censored_onset,
A_p012042,A,train,early_or_left_censored_onset,
A_p012138,A,train,early_or_left_censored_onset,
A_p012141,A,train,early_or_left_censored_onset,
A_p012150,A,train,early_or_left_censored_onset,
A_p012349,A,train,early_or_left_censored_onset,
A_p012359,A,train,early_or_left_censored_onset,
A_p012541,A,train,early_or_left_censored_onset,
A_p012562,A,train,early_or_left_censored_onset,
A_p012590,A,train,early_or_left_censored_onset,
A_p012711,A,train,early_or_left_censored_onset,
A_p012732,A,train,early_or_left_censored_onset,
A_p012784,A,train,early_or_left_censored_onset,
A_p012889,A,train,early_or_left_censored_onset,
A_p012964,A,train,early_or_left_censored_onset,
A_p013003,A,train,early_or_left_censored_onset,
A_p013090,A,train,early_or_left_censored_onset,
A_p013201,A,train,early_or_left_censored_onset,
A_p013421,A,train,early_or_left_censored_onset,
A_p013699,A,train,early_or_left_censored_onset,
A_p013718,A,train,early_or_left_censored_onset,
A_p013818,A,train,early_or_left_censored_onset,
A_p013957,A,train,early_or_left_censored_onset,
A_p014019,A,train,early_or_left_censored_onset,
A_p014113,A,train,early_or_left_censored_onset,
A_p014136,A,train,early_or_left_censored_onset,
A_p014182,A,train,early_or_left_censored_onset,
A_p014253,A,train,early_or_left_censored_onset,
A_p014312,A,train,early_or_left_censored_onset,
A_p014542,A,train,early_or_left_censored_onset,
A_p014674,A,train,early_or_left_censored_onset,
A_p014765,A,train,early_or_left_censored_onset,
A_p014774,A,train,early_or_left_censored_onset,
A_p014841,A,train,early_or_left_censored_onset,
A_p015378,A,train,early_or_left_censored_onset,
A_p015488,A,train,early_or_left_censored_onset,
A_p015615,A,train,early_or_left_censored_onset,
A_p015678,A,train,early_or_left_censored_onset,
A_p015805,A,train,early_or_left_censored_onset,
A_p015946,A,train,early_or_left_censored_onset,
A_p016057,A,train,early_or_left_censored_onset,
A_p016161,A,train,early_or_left_censored_onset,
A_p016209,A,train,early_or_left_censored_onset,
A_p016343,A,train,early_or_left_censored_onset,
A_p016363,A,train,early_or_left_censored_onset,
A_p016388,A,train,early_or_left_censored_onset,
A_p016421,A,train,early_or_left_censored_onset,
A_p016444,A,train,early_or_left_censored_onset,
A_p016461,A,train,early_or_left_censored_onset,
A_p016590,A,train,early_or_left_censored_onset,
A_p016695,A,train,early_or_left_censored_onset,
A_p016720,A,train,early_or_left_censored_onset,
A_p016754,A,train,early_or_left_censored_onset,
A_p016769,A,train,early_or_left_censored_onset,
A_p016970,A,train,early_or_left_censored_onset,
A_p017048,A,train,early_or_left_censored_onset,
A_p017205,A,train,early_or_left_censored_onset,
A_p017302,A,train,early_or_left_censored_onset,
A_p017366,A,train,early_or_left_censored_onset,
A_p017514,A,train,early_or_left_censored_onset,
A_p017568,A,train,early_or_left_censored_onset,
A_p017754,A,train,early_or_left_censored_onset,
A_p017972,A,train,early_or_left_censored_onset,
A_p018035,A,train,early_or_left_censored_onset,
A_p018063,A,train,early_or_left_censored_onset,
A_p018344,A,train,early_or_left_censored_onset,
A_p018469,A,train,onset_beyond_observed_record,
A_p018683,A,train,early_or_left_censored_onset,
A_p018703,A,train,early_or_left_censored_onset,
A_p018755,A,train,early_or_left_censored_onset,
A_p018767,A,train,early_or_left_censored_onset,
A_p018809,A,train,early_or_left_censored_onset,
A_p019114,A,train,early_or_left_censored_onset,
A_p019175,A,train,early_or_left_censored_onset,
A_p019228,A,train,early_or_left_censored_onset,
A_p019331,A,train,early_or_left_censored_onset,
A_p019361,A,train,early_or_left_censored_onset,
A_p019399,A,train,early_or_left_censored_onset,
A_p019477,A,train,early_or_left_censored_onset,
A_p019481,A,train,early_or_left_censored_onset,
A_p019490,A,train,early_or_left_censored_onset,
A_p019629,A,train,early_or_left_censored_onset,
A_p019636,A,train,early_or_left_censored_onset,
A_p019901,A,train,early_or_left_censored_onset,
A_p020352,A,train,early_or_left_censored_onset,
A_p020383,A,train,early_or_left_censored_onset,
B_p100016,B,train,onset_beyond_observed_record,
B_p100104,B,train,early_or_left_censored_onset,
B_p100125,B,train,early_or_left_censored_onset,
B_p100532,B,train,not_adult,
B_p100543,B,train,early_or_left_censored_onset,
B_p100827,B,train,early_or_left_censored_onset,
B_p100862,B,train,early_or_left_censored_onset,
B_p100901,B,train,early_or_left_censored_onset,
B_p101072,B,train,early_or_left_censored_onset,
B_p101357,B,train,early_or_left_censored_onset,
B_p101449,B,train,early_or_left_censored_onset,
B_p101539,B,train,early_or_left_censored_onset,
B_p101588,B,train,early_or_left_censored_onset,
B_p101598,B,train,early_or_left_censored_onset,
B_p101624,B,train,early_or_left_censored_onset,
B_p101630,B,train,early_or_left_censored_onset,
B_p101729,B,train,early_or_left_censored_onset,
B_p101843,B,train,early_or_left_censored_onset,
B_p101854,B,train,early_or_left_censored_onset,
B_p101933,B,train,onset_beyond_observed_record,
B_p101934,B,train,early_or_left_censored_onset,
B_p102056,B,train,early_or_left_censored_onset,
B_p102089,B,train,early_or_left_censored_onset,
B_p102180,B,train,early_or_left_censored_onset,
B_p102236,B,train,early_or_left_censored_onset,
B_p102240,B,train,early_or_left_censored_onset,
B_p102297,B,train,early_or_left_censored_onset,
B_p102332,B,train,early_or_left_censored_onset,
B_p102378,B,train,early_or_left_censored_onset,
B_p102453,B,train,early_or_left_censored_onset,
B_p102481,B,train,early_or_left_censored_onset,
B_p102610,B,train,early_or_left_censored_onset,
B_p102629,B,train,early_or_left_censored_onset,
B_p102787,B,train,early_or_left_censored_onset,
B_p102879,B,train,early_or_left_censored_onset,
B_p102989,B,train,early_or_left_censored_onset,
B_p103001,B,train,early_or_left_censored_onset,
B_p103124,B,train,early_or_left_censored_onset,
B_p103180,B,train,early_or_left_censored_onset,
B_p103274,B,train,not_adult,
B_p103357,B,train,early_or_left_censored_onset,
B_p103361,B,train,early_or_left_censored_onset,
B_p103525,B,train,early_or_left_censored_onset,
B_p103554,B,train,early_or_left_censored_onset,
B_p103880,B,train,not_adult,
B_p104066,B,train,early_or_left_censored_onset,
B_p104110,B,train,early_or_left_censored_onset,
B_p104141,B,train,early_or_left_censored_onset,
B_p104592,B,train,early_or_left_censored_onset,
B_p104758,B,train,early_or_left_censored_onset,
B_p104801,B,train,early_or_left_censored_onset,
B_p104980,B,train,early_or_left_censored_onset,
B_p105030,B,train,onset_beyond_observed_record,
B_p105355,B,train,early_or_left_censored_onset,
B_p105499,B,train,early_or_left_censored_onset,
B_p105645,B,train,early_or_left_censored_onset,
B_p105670,B,train,early_or_left_censored_onset,
B_p105732,B,train,early_or_left_censored_onset,
B_p106031,B,train,not_adult,
B_p106114,B,train,early_or_left_censored_onset,
B_p106424,B,train,early_or_left_censored_onset,
B_p106515,B,train,early_or_left_censored_onset,
B_p106563,B,train,early_or_left_censored_onset,
B_p106591,B,train,early_or_left_censored_onset,
B_p106608,B,train,early_or_left_censored_onset,
B_p106662,B,train,early_or_left_censored_onset,
B_p106729,B,train,early_or_left_censored_onset,
B_p106826,B,train,early_or_left_censored_onset,
B_p106933,B,train,early_or_left_censored_onset,
B_p107340,B,train,early_or_left_censored_onset,
B_p107438,B,train,early_or_left_censored_onset,
B_p107461,B,train,early_or_left_censored_onset,
B_p107549,B,train,early_or_left_censored_onset,
B_p107604,B,train,early_or_left_censored_onset,
B_p107638,B,train,onset_beyond_observed_record,
B_p107665,B,train,early_or_left_censored_onset,
B_p107707,B,train,early_or_left_censored_onset,
B_p107844,B,train,early_or_left_censored_onset,
B_p107857,B,train,early_or_left_censored_onset,
B_p107860,B,train,early_or_left_censored_onset,
B_p107869,B,train,early_or_left_censored_onset,
B_p107884,B,train,early_or_left_censored_onset,
B_p108384,B,train,early_or_left_censored_onset,
B_p108564,B,train,early_or_left_censored_onset,
B_p108703,B,train,early_or_left_censored_onset,
B_p108734,B,train,early_or_left_censored_onset,
B_p108804,B,train,early_or_left_censored_onset,
B_p108897,B,train,early_or_left_censored_onset,
B_p108899,B,train,early_or_left_censored_onset,
B_p108974,B,train,early_or_left_censored_onset,
B_p109068,B,train,not_adult,
B_p109092,B,train,early_or_left_censored_onset,
B_p109185,B,train,early_or_left_censored_onset,
B_p109202,B,train,onset_beyond_observed_record,
B_p109358,B,train,early_or_left_censored_onset,
B_p109380,B,train,early_or_left_censored_onset,
B_p109392,B,train,early_or_left_censored_onset,
B_p109524,B,train,early_or_left_censored_onset,
B_p109592,B,train,early_or_left_censored_onset,
B_p109736,B,train,early_or_left_censored_onset,
B_p109857,B,train,not_adult,
B_p109888,B,train,early_or_left_censored_onset,
B_p110039,B,train,early_or_left_censored_onset,
B_p110127,B,train,early_or_left_censored_onset,
B_p110308,B,train,early_or_left_censored_onset,
B_p110704,B,train,early_or_left_censored_onset,
B_p110729,B,train,early_or_left_censored_onset,
B_p110738,B,train,early_or_left_censored_onset,
B_p110750,B,train,early_or_left_censored_onset,
B_p110866,B,train,early_or_left_censored_onset,
B_p110930,B,train,early_or_left_censored_onset,
B_p111466,B,train,early_or_left_censored_onset,
B_p111478,B,train,early_or_left_censored_onset,
B_p111483,B,train,early_or_left_censored_onset,
B_p111809,B,train,early_or_left_censored_onset,
B_p111849,B,train,early_or_left_censored_onset,
B_p112315,B,train,early_or_left_censored_onset,
B_p112509,B,train,early_or_left_censored_onset,
B_p112521,B,train,not_adult,
B_p112587,B,train,early_or_left_censored_onset,
B_p112590,B,train,early_or_left_censored_onset,
B_p112599,B,train,early_or_left_censored_onset,
B_p112816,B,train,early_or_left_censored_onset,
B_p112859,B,train,early_or_left_censored_onset,
B_p112939,B,train,not_adult,
B_p113009,B,train,early_or_left_censored_onset,
B_p113150,B,train,early_or_left_censored_onset,
B_p113192,B,train,early_or_left_censored_onset,
B_p113248,B,train,early_or_left_censored_onset,
B_p113406,B,train,early_or_left_censored_onset,
B_p113460,B,train,early_or_left_censored_onset,
B_p113463,B,train,not_adult,
B_p113599,B,train,early_or_left_censored_onset,
B_p113618,B,train,onset_beyond_observed_record,
B_p114127,B,train,early_or_left_censored_onset,
B_p114165,B,train,early_or_left_censored_onset,
B_p114255,B,train,early_or_left_censored_onset,
B_p114730,B,train,early_or_left_censored_onset,
B_p114775,B,train,onset_beyond_observed_record,
B_p114802,B,train,early_or_left_censored_onset,
B_p114858,B,train,early_or_left_censored_onset,
B_p114966,B,train,early_or_left_censored_onset,
B_p115039,B,train,not_adult,
B_p115066,B,train,early_or_left_censored_onset,
B_p115489,B,train,early_or_left_censored_onset,
B_p115587,B,train,early_or_left_censored_onset,
B_p115626,B,train,early_or_left_censored_onset,
B_p115645,B,train,early_or_left_censored_onset,
B_p115876,B,train,early_or_left_censored_onset,
B_p116039,B,train,early_or_left_censored_onset,
B_p116140,B,train,early_or_left_censored_onset,
B_p116171,B,train,early_or_left_censored_onset,
B_p116349,B,train,early_or_left_censored_onset,
B_p116403,B,train,early_or_left_censored_onset,
B_p116503,B,train,early_or_left_censored_onset,
B_p116564,B,train,early_or_left_censored_onset,
B_p116780,B,train,early_or_left_censored_onset,
B_p116813,B,train,early_or_left_censored_onset,
B_p116903,B,train,early_or_left_censored_onset,
B_p117179,B,train,early_or_left_censored_onset,
B_p117213,B,train,early_or_left_censored_onset,
B_p117272,B,train,onset_beyond_observed_record,
B_p117276,B,train,early_or_left_censored_onset,
B_p117365,B,train,early_or_left_censored_onset,
B_p117461,B,train,early_or_left_censored_onset,
B_p117599,B,train,early_or_left_censored_onset,
B_p117644,B,train,early_or_left_censored_onset,
B_p117752,B,train,early_or_left_censored_onset,
B_p117768,B,train,early_or_left_censored_onset,
B_p117843,B,train,early_or_left_censored_onset,
B_p117856,B,train,early_or_left_censored_onset,
B_p117893,B,train,early_or_left_censored_onset,
B_p117919,B,train,early_or_left_censored_onset,
B_p117981,B,train,early_or_left_censored_onset,
B_p118155,B,train,early_or_left_censored_onset,
B_p118166,B,train,early_or_left_censored_onset,
B_p118286,B,train,early_or_left_censored_onset,
B_p118298,B,train,early_or_left_censored_onset,
B_p118396,B,train,early_or_left_censored_onset,
B_p118440,B,train,early_or_left_censored_onset,
B_p118445,B,train,early_or_left_censored_onset,
B_p118632,B,train,onset_beyond_observed_record,
B_p118859,B,train,early_or_left_censored_onset,
B_p118916,B,train,early_or_left_censored_onset,
B_p119010,B,train,early_or_left_censored_onset,
B_p119059,B,train,not_adult,
B_p119074,B,train,early_or_left_censored_onset,
B_p119319,B,train,early_or_left_censored_onset,
B_p119369,B,train,not_adult,
B_p119713,B,train,early_or_left_censored_onset,
B_p119794,B,train,early_or_left_censored_onset,
B_p119872,B,train,early_or_left_censored_onset,
B_p119888,B,train,early_or_left_censored_onset,
A_p000015,A,calibration,early_or_left_censored_onset,
A_p000584,A,calibration,early_or_left_censored_onset,
A_p000728,A,calibration,early_or_left_censored_onset,
A_p000851,A,calibration,early_or_left_censored_onset,
A_p001118,A,calibration,early_or_left_censored_onset,
A_p001272,A,calibration,early_or_left_censored_onset,
A_p001440,A,calibration,early_or_left_censored_onset,
A_p001625,A,calibration,early_or_left_censored_onset,
A_p002441,A,calibration,early_or_left_censored_onset,
A_p002580,A,calibration,early_or_left_censored_onset,
A_p003321,A,calibration,early_or_left_censored_onset,
A_p003488,A,calibration,early_or_left_censored_onset,
A_p003936,A,calibration,early_or_left_censored_onset,
A_p004162,A,calibration,early_or_left_censored_onset,
A_p004433,A,calibration,early_or_left_censored_onset,
A_p004785,A,calibration,early_or_left_censored_onset,
A_p004821,A,calibration,early_or_left_censored_onset,
A_p004865,A,calibration,early_or_left_censored_onset,
A_p004986,A,calibration,early_or_left_censored_onset,
A_p005198,A,calibration,early_or_left_censored_onset,
A_p005328,A,calibration,early_or_left_censored_onset,
A_p005925,A,calibration,early_or_left_censored_onset,
A_p006046,A,calibration,early_or_left_censored_onset,
A_p006162,A,calibration,early_or_left_censored_onset,
A_p006462,A,calibration,early_or_left_censored_onset,
A_p006968,A,calibration,early_or_left_censored_onset,
A_p007201,A,calibration,early_or_left_censored_onset,
A_p007694,A,calibration,early_or_left_censored_onset,
A_p007716,A,calibration,early_or_left_censored_onset,
A_p007921,A,calibration,early_or_left_censored_onset,
A_p008337,A,calibration,early_or_left_censored_onset,
A_p008391,A,calibration,early_or_left_censored_onset,
A_p008554,A,calibration,early_or_left_censored_onset,
A_p008680,A,calibration,early_or_left_censored_onset,
A_p008710,A,calibration,early_or_left_censored_onset,
A_p009215,A,calibration,early_or_left_censored_onset,
A_p009398,A,calibration,early_or_left_censored_onset,
A_p009594,A,calibration,early_or_left_censored_onset,
A_p009972,A,calibration,early_or_left_censored_onset,
A_p010236,A,calibration,early_or_left_censored_onset,
A_p010652,A,calibration,early_or_left_censored_onset,
A_p010740,A,calibration,early_or_left_censored_onset,
A_p010778,A,calibration,early_or_left_censored_onset,
A_p011157,A,calibration,early_or_left_censored_onset,
A_p011317,A,calibration,early_or_left_censored_onset,
A_p012786,A,calibration,early_or_left_censored_onset,
A_p013056,A,calibration,early_or_left_censored_onset,
A_p013170,A,calibration,early_or_left_censored_onset,
A_p013274,A,calibration,early_or_left_censored_onset,
A_p013490,A,calibration,early_or_left_censored_onset,
A_p013586,A,calibration,early_or_left_censored_onset,
A_p013594,A,calibration,early_or_left_censored_onset,
A_p014131,A,calibration,early_or_left_censored_onset,
A_p014329,A,calibration,early_or_left_censored_onset,
A_p015057,A,calibration,early_or_left_censored_onset,
A_p015571,A,calibration,early_or_left_censored_onset,
A_p015698,A,calibration,early_or_left_censored_onset,
A_p016101,A,calibration,early_or_left_censored_onset,
A_p016797,A,calibration,early_or_left_censored_onset,
A_p016854,A,calibration,early_or_left_censored_onset,
A_p017299,A,calibration,early_or_left_censored_onset,
A_p017372,A,calibration,early_or_left_censored_onset,
A_p017431,A,calibration,early_or_left_censored_onset,
A_p017583,A,calibration,early_or_left_censored_onset,
A_p017628,A,calibration,early_or_left_censored_onset,
A_p017968,A,calibration,early_or_left_censored_onset,
A_p018360,A,calibration,early_or_left_censored_onset,
A_p018648,A,calibration,early_or_left_censored_onset,
A_p019050,A,calibration,early_or_left_censored_onset,
A_p019237,A,calibration,early_or_left_censored_onset,
A_p019240,A,calibration,early_or_left_censored_onset,
A_p019717,A,calibration,early_or_left_censored_onset,
A_p019966,A,calibration,early_or_left_censored_onset,
A_p020391,A,calibration,early_or_left_censored_onset,
B_p100579,B,calibration,early_or_left_censored_onset,
B_p100693,B,calibration,early_or_left_censored_onset,
B_p101922,B,calibration,onset_beyond_observed_record,
B_p102535,B,calibration,early_or_left_censored_onset,
B_p102971,B,calibration,early_or_left_censored_onset,
B_p103259,B,calibration,early_or_left_censored_onset,
B_p103265,B,calibration,early_or_left_censored_onset,
B_p103297,B,calibration,early_or_left_censored_onset,
B_p103643,B,calibration,early_or_left_censored_onset,
B_p103860,B,calibration,early_or_left_censored_onset,
B_p104061,B,calibration,early_or_left_censored_onset,
B_p104545,B,calibration,early_or_left_censored_onset,
B_p104780,B,calibration,early_or_left_censored_onset,
B_p105456,B,calibration,early_or_left_censored_onset,
B_p105796,B,calibration,early_or_left_censored_onset,
B_p105962,B,calibration,early_or_left_censored_onset,
B_p106119,B,calibration,early_or_left_censored_onset,
B_p106896,B,calibration,early_or_left_censored_onset,
B_p107137,B,calibration,early_or_left_censored_onset,
B_p108010,B,calibration,not_adult,
B_p108092,B,calibration,early_or_left_censored_onset,
B_p108101,B,calibration,early_or_left_censored_onset,
B_p109630,B,calibration,early_or_left_censored_onset,
B_p109842,B,calibration,early_or_left_censored_onset,
B_p109998,B,calibration,early_or_left_censored_onset,
B_p110085,B,calibration,early_or_left_censored_onset,
B_p110200,B,calibration,early_or_left_censored_onset,
B_p110228,B,calibration,early_or_left_censored_onset,
B_p110426,B,calibration,onset_beyond_observed_record,
B_p110445,B,calibration,early_or_left_censored_onset,
B_p110991,B,calibration,early_or_left_censored_onset,
B_p111420,B,calibration,early_or_left_censored_onset,
B_p111447,B,calibration,early_or_left_censored_onset,
B_p111695,B,calibration,early_or_left_censored_onset,
B_p111854,B,calibration,early_or_left_censored_onset,
B_p111890,B,calibration,early_or_left_censored_onset,
B_p111891,B,calibration,early_or_left_censored_onset,
B_p113272,B,calibration,early_or_left_censored_onset,
B_p113291,B,calibration,early_or_left_censored_onset,
B_p113443,B,calibration,early_or_left_censored_onset,
B_p113683,B,calibration,early_or_left_censored_onset,
B_p113784,B,calibration,early_or_left_censored_onset,
B_p113800,B,calibration,early_or_left_censored_onset,
B_p113976,B,calibration,early_or_left_censored_onset,
B_p114397,B,calibration,early_or_left_censored_onset,
B_p115139,B,calibration,early_or_left_censored_onset,
B_p115190,B,calibration,early_or_left_censored_onset,
B_p115389,B,calibration,early_or_left_censored_onset,
B_p115585,B,calibration,early_or_left_censored_onset,
B_p115604,B,calibration,early_or_left_censored_onset,
B_p115650,B,calibration,early_or_left_censored_onset,
B_p117083,B,calibration,early_or_left_censored_onset,
B_p117650,B,calibration,early_or_left_censored_onset,
B_p117713,B,calibration,early_or_left_censored_onset,
B_p117850,B,calibration,not_adult,
B_p118844,B,calibration,not_adult,
B_p119162,B,calibration,early_or_left_censored_onset,
B_p119173,B,calibration,early_or_left_censored_onset,
B_p119353,B,calibration,early_or_left_censored_onset,
B_p119414,B,calibration,early_or_left_censored_onset,
B_p119433,B,calibration,early_or_left_censored_onset,
B_p119526,B,calibration,early_or_left_censored_onset,
B_p119678,B,calibration,early_or_left_censored_onset,
B_p119722,B,calibration,early_or_left_censored_onset,
A_p000354,A,test,early_or_left_censored_onset,
A_p000384,A,test,early_or_left_censored_onset,
A_p001178,A,test,early_or_left_censored_onset,
A_p001352,A,test,early_or_left_censored_onset,
A_p001368,A,test,early_or_left_censored_onset,
A_p001433,A,test,early_or_left_censored_onset,
A_p001786,A,test,early_or_left_censored_onset,
A_p002117,A,test,early_or_left_censored_onset,
A_p002551,A,test,early_or_left_censored_onset,
A_p002559,A,test,early_or_left_censored_onset,
A_p002767,A,test,early_or_left_censored_onset,
A_p002968,A,test,early_or_left_censored_onset,
A_p003231,A,test,early_or_left_censored_onset,
A_p003685,A,test,early_or_left_censored_onset,
A_p004164,A,test,early_or_left_censored_onset,
A_p004827,A,test,early_or_left_censored_onset,
A_p004896,A,test,early_or_left_censored_onset,
A_p005112,A,test,early_or_left_censored_onset,
A_p005500,A,test,early_or_left_censored_onset,
A_p005693,A,test,onset_beyond_observed_record,
A_p005888,A,test,early_or_left_censored_onset,
A_p005987,A,test,early_or_left_censored_onset,
A_p006214,A,test,early_or_left_censored_onset,
A_p006257,A,test,early_or_left_censored_onset,
A_p006368,A,test,early_or_left_censored_onset,
A_p006468,A,test,early_or_left_censored_onset,
A_p007802,A,test,early_or_left_censored_onset,
A_p007902,A,test,early_or_left_censored_onset,
A_p007911,A,test,early_or_left_censored_onset,
A_p008323,A,test,early_or_left_censored_onset,
A_p008470,A,test,early_or_left_censored_onset,
A_p009115,A,test,early_or_left_censored_onset,
A_p009921,A,test,early_or_left_censored_onset,
A_p010058,A,test,early_or_left_censored_onset,
A_p010157,A,test,early_or_left_censored_onset,
A_p010377,A,test,early_or_left_censored_onset,
A_p010461,A,test,early_or_left_censored_onset,
A_p010665,A,test,early_or_left_censored_onset,
A_p010686,A,test,early_or_left_censored_onset,
A_p010879,A,test,early_or_left_censored_onset,
A_p011144,A,test,early_or_left_censored_onset,
A_p011181,A,test,early_or_left_censored_onset,
A_p011319,A,test,early_or_left_censored_onset,
A_p011330,A,test,early_or_left_censored_onset,
A_p011454,A,test,early_or_left_censored_onset,
A_p011500,A,test,early_or_left_censored_onset,
A_p011624,A,test,early_or_left_censored_onset,
A_p011697,A,test,early_or_left_censored_onset,
A_p012023,A,test,early_or_left_censored_onset,
A_p012194,A,test,early_or_left_censored_onset,
A_p012333,A,test,early_or_left_censored_onset,
A_p012497,A,test,early_or_left_censored_onset,
A_p012775,A,test,early_or_left_censored_onset,
A_p013695,A,test,early_or_left_censored_onset,
A_p013779,A,test,early_or_left_censored_onset,
A_p014032,A,test,early_or_left_censored_onset,
A_p014908,A,test,early_or_left_censored_onset,
A_p015062,A,test,early_or_left_censored_onset,
A_p015235,A,test,early_or_left_censored_onset,
A_p015967,A,test,early_or_left_censored_onset,
A_p016256,A,test,early_or_left_censored_onset,
A_p016289,A,test,early_or_left_censored_onset,
A_p016414,A,test,early_or_left_censored_onset,
A_p016427,A,test,early_or_left_censored_onset,
A_p016722,A,test,early_or_left_censored_onset,
A_p016762,A,test,early_or_left_censored_onset,
A_p016929,A,test,early_or_left_censored_onset,
A_p016996,A,test,early_or_left_censored_onset,
A_p017494,A,test,early_or_left_censored_onset,
A_p017545,A,test,early_or_left_censored_onset,
A_p017647,A,test,early_or_left_censored_onset,
A_p017751,A,test,early_or_left_censored_onset,
A_p017826,A,test,early_or_left_censored_onset,
A_p018053,A,test,early_or_left_censored_onset,
A_p018278,A,test,early_or_left_censored_onset,
A_p018487,A,test,early_or_left_censored_onset,
A_p019049,A,test,early_or_left_censored_onset,
A_p019282,A,test,early_or_left_censored_onset,
A_p019326,A,test,early_or_left_censored_onset,
A_p019829,A,test,early_or_left_censored_onset,
A_p019944,A,test,early_or_left_censored_onset,
A_p019997,A,test,early_or_left_censored_onset,
A_p020349,A,test,early_or_left_censored_onset,
A_p020553,A,test,early_or_left_censored_onset,
A_p020554,A,test,early_or_left_censored_onset,
B_p100055,B,test,early_or_left_censored_onset,
B_p100470,B,test,early_or_left_censored_onset,
B_p100645,B,test,early_or_left_censored_onset,
B_p100882,B,test,early_or_left_censored_onset,
B_p101108,B,test,early_or_left_censored_onset,
B_p101685,B,test,early_or_left_censored_onset,
B_p101708,B,test,early_or_left_censored_onset,
B_p102041,B,test,early_or_left_censored_onset,
B_p102174,B,test,early_or_left_censored_onset,
B_p103148,B,test,early_or_left_censored_onset,
B_p103150,B,test,early_or_left_censored_onset,
B_p103197,B,test,early_or_left_censored_onset,
B_p103586,B,test,early_or_left_censored_onset,
B_p103967,B,test,early_or_left_censored_onset,
B_p104354,B,test,early_or_left_censored_onset,
B_p104500,B,test,early_or_left_censored_onset,
B_p105156,B,test,not_adult,
B_p105452,B,test,early_or_left_censored_onset,
B_p105483,B,test,early_or_left_censored_onset,
B_p105927,B,test,early_or_left_censored_onset,
B_p106285,B,test,early_or_left_censored_onset,
B_p106485,B,test,early_or_left_censored_onset,
B_p107255,B,test,early_or_left_censored_onset,
B_p107847,B,test,early_or_left_censored_onset,
B_p108015,B,test,early_or_left_censored_onset,
B_p108232,B,test,early_or_left_censored_onset,
B_p109145,B,test,early_or_left_censored_onset,
B_p109176,B,test,early_or_left_censored_onset,
B_p109348,B,test,not_adult,
B_p109559,B,test,early_or_left_censored_onset,
B_p110389,B,test,early_or_left_censored_onset,
B_p110574,B,test,early_or_left_censored_onset,
B_p110676,B,test,early_or_left_censored_onset,
B_p110817,B,test,not_adult,
B_p111099,B,test,early_or_left_censored_onset,
B_p111206,B,test,early_or_left_censored_onset,
B_p111207,B,test,early_or_left_censored_onset,
B_p111465,B,test,onset_beyond_observed_record,
B_p111699,B,test,early_or_left_censored_onset,
B_p111860,B,test,early_or_left_censored_onset,
B_p112345,B,test,early_or_left_censored_onset,
B_p112347,B,test,early_or_left_censored_onset,
B_p112802,B,test,early_or_left_censored_onset,
B_p112971,B,test,early_or_left_censored_onset,
B_p113147,B,test,early_or_left_censored_onset,
B_p113302,B,test,early_or_left_censored_onset,
B_p113436,B,test,early_or_left_censored_onset,
B_p113900,B,test,early_or_left_censored_onset,
B_p113930,B,test,early_or_left_censored_onset,
B_p113967,B,test,early_or_left_censored_onset,
B_p114239,B,test,early_or_left_censored_onset,
B_p114460,B,test,early_or_left_censored_onset,
B_p115075,B,test,early_or_left_censored_onset,
B_p115158,B,test,early_or_left_censored_onset,
B_p115395,B,test,early_or_left_censored_onset,
B_p115526,B,test,early_or_left_censored_onset,
B_p115686,B,test,early_or_left_censored_onset,
B_p115778,B,test,early_or_left_censored_onset,
B_p117114,B,test,early_or_left_censored_onset,
B_p117290,B,test,early_or_left_censored_onset,
B_p117407,B,test,early_or_left_censored_onset,
B_p117585,B,test,early_or_left_censored_onset,
B_p117631,B,test,early_or_left_censored_onset,
B_p117691,B,test,onset_beyond_observed_record,
B_p117775,B,test,early_or_left_censored_onset,
B_p117834,B,test,early_or_left_censored_onset,
B_p117987,B,test,not_adult,
B_p118230,B,test,early_or_left_censored_onset,
B_p118385,B,test,early_or_left_censored_onset,
B_p119428,B,test,early_or_left_censored_onset,
B_p119555,B,test,early_or_left_censored_onset,
B_p119765,B,test,early_or_left_censored_onset,
B_p119854,B,test,early_or_left_censored_onset,
