source,model,test_site,transfer,cap,model_converged,comparison,endpoint,difference,ci_low,ci_high,n
A,logistic,A,False,natural,True,patient_minus_hourly,false_alert,-0.1858562244301578,-0.19813705435417883,-0.17212156633547632,3422
A,logistic,A,False,natural,True,patient_minus_hourly,window6,-0.23846153846153847,-0.2923076923076923,-0.18846153846153846,260
A,logistic,A,False,natural,True,patient_minus_hourly,first6,-0.007692307692307693,-0.05384615384615385,0.038461538461538464,260
A,logistic,A,False,natural,True,local_minus_source_patient,false_alert,0.0,0.0,0.0,3422
A,logistic,A,False,natural,True,local_minus_source_patient,window6,0.0,0.0,0.0,260
A,logistic,A,False,natural,True,local_minus_source_patient,first6,0.0,0.0,0.0,260
A,logistic,B,True,natural,True,patient_minus_hourly,false_alert,-0.1284192340915635,-0.1396559170745753,-0.11690181399366542,3473
A,logistic,B,True,natural,True,patient_minus_hourly,window6,-0.17532467532467533,-0.23376623376623376,-0.11688311688311688,154
A,logistic,B,True,natural,True,patient_minus_hourly,first6,0.01948051948051948,-0.025974025974025976,0.06493506493506493,154
A,logistic,B,True,natural,True,local_minus_source_patient,false_alert,0.018139936654189462,0.013820904117477686,0.02274690469334869,3473
A,logistic,B,True,natural,True,local_minus_source_patient,window6,0.025974025974025976,0.006493506493506494,0.05194805194805195,154
A,logistic,B,True,natural,True,local_minus_source_patient,first6,0.0,-0.025974025974025976,0.025974025974025976,154
A,hgb,A,False,natural,True,patient_minus_hourly,false_alert,-0.21595558153126826,-0.2288208649912332,-0.20134424313267096,3422
A,hgb,A,False,natural,True,patient_minus_hourly,window6,-0.23846153846153847,-0.2923076923076923,-0.18846153846153846,260
A,hgb,A,False,natural,True,patient_minus_hourly,first6,-0.04230769230769231,-0.08846153846153847,0.0038461538461538464,260
A,hgb,A,False,natural,True,local_minus_source_patient,false_alert,0.0,0.0,0.0,3422
A,hgb,A,False,natural,True,local_minus_source_patient,window6,0.0,0.0,0.0,260
A,hgb,A,False,natural,True,local_minus_source_patient,first6,0.0,0.0,0.0,260
A,hgb,B,True,natural,True,patient_minus_hourly,false_alert,-0.1534696228044918,-0.16527497840483732,-0.14108839619925137,3473
A,hgb,B,True,natural,True,patient_minus_hourly,window6,-0.12987012987012986,-0.18181818181818182,-0.07792207792207792,154
A,hgb,B,True,natural,True,patient_minus_hourly,first6,-0.045454545454545456,-0.09090909090909091,-0.006493506493506494,154
A,hgb,B,True,natural,True,local_minus_source_patient,false_alert,0.029081485747192628,0.023898646703138498,0.034840195796141664,3473
A,hgb,B,True,natural,True,local_minus_source_patient,window6,0.01948051948051948,0.0,0.045454545454545456,154
A,hgb,B,True,natural,True,local_minus_source_patient,first6,0.0,-0.025974025974025976,0.025974025974025976,154
A,hgb_no_observation_features,A,False,natural,True,patient_minus_hourly,false_alert,-0.14582115721800118,-0.15780245470485096,-0.13354032729398016,3422
A,hgb_no_observation_features,A,False,natural,True,patient_minus_hourly,window6,-0.2653846153846154,-0.31932692307692306,-0.21153846153846154,260
A,hgb_no_observation_features,A,False,natural,True,patient_minus_hourly,first6,0.007692307692307693,-0.03076923076923077,0.046153846153846156,260
A,hgb_no_observation_features,A,False,natural,True,local_minus_source_patient,false_alert,0.0,0.0,0.0,3422
A,hgb_no_observation_features,A,False,natural,True,local_minus_source_patient,window6,0.0,0.0,0.0,260
A,hgb_no_observation_features,A,False,natural,True,local_minus_source_patient,first6,0.0,0.0,0.0,260
A,hgb_no_observation_features,B,True,natural,True,patient_minus_hourly,false_alert,-0.09588252231500144,-0.10596026490066225,-0.08579758134177948,3473
A,hgb_no_observation_features,B,True,natural,True,patient_minus_hourly,window6,-0.15584415584415584,-0.21428571428571427,-0.10373376623376712,154
A,hgb_no_observation_features,B,True,natural,True,patient_minus_hourly,first6,-0.045454545454545456,-0.09090909090909091,-0.006493506493506494,154
A,hgb_no_observation_features,B,True,natural,True,local_minus_source_patient,false_alert,0.046645551396487184,0.039735099337748346,0.05384393895767348,3473
A,hgb_no_observation_features,B,True,natural,True,local_minus_source_patient,window6,0.07792207792207792,0.03896103896103896,0.12337662337662338,154
A,hgb_no_observation_features,B,True,natural,True,local_minus_source_patient,first6,0.025974025974025976,0.0,0.05844155844155844,154
B,logistic,A,True,natural,True,patient_minus_hourly,false_alert,-0.14056107539450613,-0.15195791934541203,-0.1282875511396844,3422
B,logistic,A,True,natural,True,patient_minus_hourly,window6,-0.1423076923076923,-0.18461538461538463,-0.1,260
B,logistic,A,True,natural,True,patient_minus_hourly,first6,0.023076923076923078,-0.011538461538461539,0.057692307692307696,260
B,logistic,A,True,natural,True,local_minus_source_patient,false_alert,-0.3872004675628288,-0.4026884862653419,-0.37082115721800124,3422
B,logistic,A,True,natural,True,local_minus_source_patient,window6,-0.35384615384615387,-0.4153846153846154,-0.29615384615384616,260
B,logistic,A,True,natural,True,local_minus_source_patient,first6,-0.011538461538461539,-0.05,0.0231730769230764,260
B,logistic,B,False,natural,True,patient_minus_hourly,false_alert,-0.15059026778001727,-0.16239562338036279,-0.13820904117477684,3473
B,logistic,B,False,natural,True,patient_minus_hourly,window6,-0.16883116883116883,-0.22727272727272727,-0.11038961038961038,154
B,logistic,B,False,natural,True,patient_minus_hourly,first6,-0.006493506493506494,-0.07142857142857142,0.05194805194805195,154
B,logistic,B,False,natural,True,local_minus_source_patient,false_alert,0.0,0.0,0.0,3473
B,logistic,B,False,natural,True,local_minus_source_patient,window6,0.0,0.0,0.0,154
B,logistic,B,False,natural,True,local_minus_source_patient,first6,0.0,0.0,0.0,154
B,hgb,A,True,natural,True,patient_minus_hourly,false_alert,-0.29164231443600236,-0.30625365283459965,-0.2761542957334892,3422
B,hgb,A,True,natural,True,patient_minus_hourly,window6,-0.2423076923076923,-0.29615384615384616,-0.19230769230769232,260
B,hgb,A,True,natural,True,patient_minus_hourly,first6,-0.03076923076923077,-0.07692307692307693,0.011538461538461539,260
B,hgb,A,True,natural,True,local_minus_source_patient,false_alert,-0.2004675628287551,-0.2136177673874927,-0.1864406779661017,3422
B,hgb,A,True,natural,True,local_minus_source_patient,window6,-0.22692307692307692,-0.28076923076923077,-0.17692307692307693,260
B,hgb,A,True,natural,True,local_minus_source_patient,first6,0.0038461538461538464,-0.038461538461538464,0.046153846153846156,260
B,hgb,B,False,natural,True,patient_minus_hourly,false_alert,-0.15836452634609846,-0.170169881946444,-0.1456953642384106,3473
B,hgb,B,False,natural,True,patient_minus_hourly,window6,-0.22077922077922077,-0.2857142857142857,-0.15584415584415584,154
B,hgb,B,False,natural,True,patient_minus_hourly,first6,-0.025974025974025976,-0.09090909090909091,0.03896103896103896,154
B,hgb,B,False,natural,True,local_minus_source_patient,false_alert,0.0,0.0,0.0,3473
B,hgb,B,False,natural,True,local_minus_source_patient,window6,0.0,0.0,0.0,154
B,hgb,B,False,natural,True,local_minus_source_patient,first6,0.0,0.0,0.0,154
B,hgb_no_observation_features,A,True,natural,True,patient_minus_hourly,false_alert,-0.2545295149035652,-0.2685637054354179,-0.23904149620105203,3422
B,hgb_no_observation_features,A,True,natural,True,patient_minus_hourly,window6,-0.2653846153846154,-0.3230769230769231,-0.21153846153846154,260
B,hgb_no_observation_features,A,True,natural,True,patient_minus_hourly,first6,0.0,-0.038461538461538464,0.038461538461538464,260
B,hgb_no_observation_features,A,True,natural,True,local_minus_source_patient,false_alert,-0.21507890122735243,-0.22793687901811807,-0.2004675628287551,3422
B,hgb_no_observation_features,A,True,natural,True,local_minus_source_patient,window6,-0.3384615384615385,-0.39615384615384613,-0.28076923076923077,260
B,hgb_no_observation_features,A,True,natural,True,local_minus_source_patient,first6,-0.038461538461538464,-0.07692307692307693,-0.003750000000000525,260
B,hgb_no_observation_features,B,False,natural,True,patient_minus_hourly,false_alert,-0.14281600921393608,-0.15434062769939533,-0.1307227181111431,3473
B,hgb_no_observation_features,B,False,natural,True,patient_minus_hourly,window6,-0.23376623376623376,-0.2987012987012987,-0.16883116883116883,154
B,hgb_no_observation_features,B,False,natural,True,patient_minus_hourly,first6,-0.045454545454545456,-0.09740259740259741,0.006493506493506494,154
B,hgb_no_observation_features,B,False,natural,True,local_minus_source_patient,false_alert,0.0,0.0,0.0,3473
B,hgb_no_observation_features,B,False,natural,True,local_minus_source_patient,window6,0.0,0.0,0.0,154
B,hgb_no_observation_features,B,False,natural,True,local_minus_source_patient,first6,0.0,0.0,0.0,154
