id,role,reason
A_p019337.psv,train,early_or_left_censored_onset
A_p011899.psv,train,early_or_left_censored_onset
A_p018261.psv,train,early_or_left_censored_onset
A_p018692.psv,train,early_or_left_censored_onset
A_p015397.psv,train,early_or_left_censored_onset
A_p018158.psv,train,early_or_left_censored_onset
A_p018930.psv,train,early_or_left_censored_onset
A_p016873.psv,train,early_or_left_censored_onset
A_p012117.psv,train,early_or_left_censored_onset
A_p017806.psv,train,early_or_left_censored_onset
A_p015441.psv,train,early_or_left_censored_onset
A_p006072.psv,train,early_or_left_censored_onset
A_p013756.psv,train,early_or_left_censored_onset
A_p015762.psv,train,early_or_left_censored_onset
A_p004493.psv,train,early_or_left_censored_onset
A_p019256.psv,train,early_or_left_censored_onset
A_p002535.psv,train,early_or_left_censored_onset
A_p004519.psv,calibration,early_or_left_censored_onset
A_p000524.psv,calibration,early_or_left_censored_onset
A_p018911.psv,calibration,early_or_left_censored_onset
A_p016307.psv,calibration,early_or_left_censored_onset
A_p000403.psv,calibration,early_or_left_censored_onset
A_p001384.psv,evaluation,early_or_left_censored_onset
A_p005438.psv,evaluation,early_or_left_censored_onset
A_p017757.psv,evaluation,early_or_left_censored_onset
A_p003158.psv,evaluation,early_or_left_censored_onset
A_p001466.psv,evaluation,early_or_left_censored_onset
A_p013071.psv,evaluation,early_or_left_censored_onset
A_p016901.psv,evaluation,early_or_left_censored_onset
A_p010710.psv,evaluation,early_or_left_censored_onset
A_p006791.psv,evaluation,early_or_left_censored_onset
A_p020463.psv,evaluation,early_or_left_censored_onset
A_p008135.psv,evaluation,early_or_left_censored_onset
A_p001194.psv,evaluation,early_or_left_censored_onset
B_p101785.psv,calibration,early_or_left_censored_onset
B_p115285.psv,calibration,early_or_left_censored_onset
B_p118939.psv,calibration,early_or_left_censored_onset
B_p110839.psv,calibration,early_or_left_censored_onset
B_p109516.psv,calibration,early_or_left_censored_onset
B_p108124.psv,calibration,early_or_left_censored_onset
B_p118431.psv,evaluation,early_or_left_censored_onset
B_p101337.psv,evaluation,early_or_left_censored_onset
B_p119032.psv,evaluation,early_or_left_censored_onset
B_p104605.psv,evaluation,early_or_left_censored_onset
B_p104616.psv,evaluation,early_or_left_censored_onset
B_p103897.psv,evaluation,early_or_left_censored_onset
B_p116873.psv,evaluation,early_or_left_censored_onset
B_p118721.psv,evaluation,early_or_left_censored_onset
B_p115231.psv,evaluation,early_or_left_censored_onset
B_p105440.psv,evaluation,early_or_left_censored_onset
B_p105284.psv,evaluation,early_or_left_censored_onset
B_p116522.psv,evaluation,early_or_left_censored_onset
B_p101341.psv,evaluation,early_or_left_censored_onset
B_p102040.psv,evaluation,early_or_left_censored_onset
B_p106797.psv,evaluation,not_adult
B_p117176.psv,evaluation,not_adult
B_p114941.psv,evaluation,early_or_left_censored_onset
B_p106479.psv,evaluation,early_or_left_censored_onset
B_p114945.psv,evaluation,early_or_left_censored_onset
B_p109027.psv,evaluation,not_adult
B_p109263.psv,evaluation,early_or_left_censored_onset
B_p101177.psv,evaluation,early_or_left_censored_onset
B_p105753.psv,evaluation,early_or_left_censored_onset
B_p115845.psv,evaluation,early_or_left_censored_onset
