source,model,input_variant,test_hours,hourly_positive_prevalence,hourly_auroc,hourly_average_precision,hourly_brier,run
A,logistic,native_numeric,19645,0.0051921608551794,0.5038743123509446,0.0050054518194707,0.0056498687670684,Initial
A,logistic,mask_ambiguous_units,19645,0.0051921608551794,0.4906500798139447,0.0049076594538291,0.0054719051608231,Initial
A,hgb,native_numeric,19645,0.0051921608551794,0.5657895660950765,0.0062683572337759,0.0092986503794713,Initial
A,hgb,mask_ambiguous_units,19645,0.0051921608551794,0.5513794117145401,0.0060952334498468,0.0089809853079395,Initial
A,hgb_no_observation_features,native_numeric,19645,0.0051921608551794,0.6268053452768305,0.0099368092543319,0.0052002193412757,Initial
A,hgb_no_observation_features,mask_ambiguous_units,19645,0.0051921608551794,0.616406957809476,0.0071863681903552,0.005188826917817,Initial
B,logistic,native_numeric,19645,0.0051921608551794,0.4557526740932263,0.0045556493935442,0.0052272599862001,Initial
B,logistic,mask_ambiguous_units,19645,0.0051921608551794,0.4531540805443602,0.0044688097466601,0.0052167004964926,Initial
B,hgb,native_numeric,19645,0.0051921608551794,0.5185295271462727,0.005066750115438,0.0065169263828757,Initial
B,hgb,mask_ambiguous_units,19645,0.0051921608551794,0.5250149745207401,0.0051357804832593,0.006425755349015,Initial
B,hgb_no_observation_features,native_numeric,19645,0.0051921608551794,0.5957152804323899,0.0062069536587441,0.0052882152963478,Initial
B,hgb_no_observation_features,mask_ambiguous_units,19645,0.0051921608551794,0.6004619777604538,0.0064726216303975,0.005237786513187,Initial
A,logistic,native_numeric,19645,0.0051921608551794,0.5428386674733343,0.0054677844712655,0.0062254780225227,Amended exploratory
A,logistic,mask_ambiguous_units,19645,0.0051921608551794,0.5332108282088868,0.0054121550533509,0.0058325467249919,Amended exploratory
A,hgb,native_numeric,19645,0.0051921608551794,0.5863395248085419,0.0058525196165714,0.0086511151322921,Amended exploratory
A,hgb,mask_ambiguous_units,19645,0.0051921608551794,0.5810399992776111,0.0058287508486251,0.0082703587763248,Amended exploratory
A,hgb_no_observation_features,native_numeric,19645,0.0051921608551794,0.6437794787361806,0.0083932424201959,0.0052602375040635,Amended exploratory
A,hgb_no_observation_features,mask_ambiguous_units,19645,0.0051921608551794,0.6347626601170069,0.0070586443804612,0.0052239090468457,Amended exploratory
B,logistic,native_numeric,19645,0.0051921608551794,0.4762017993504519,0.0047930848658273,0.0063532093838855,Amended exploratory
B,logistic,mask_ambiguous_units,19645,0.0051921608551794,0.4760297303181621,0.0047038756924006,0.0061573956451074,Amended exploratory
B,hgb,native_numeric,19645,0.0051921608551794,0.5448330127732411,0.0054720682986678,0.0078961188575923,Amended exploratory
B,hgb,mask_ambiguous_units,19645,0.0051921608551794,0.5506547653088765,0.0055555680392227,0.0074168014189009,Amended exploratory
B,hgb_no_observation_features,native_numeric,19645,0.0051921608551794,0.6021972161939534,0.0062141436682606,0.0063565822148618,Amended exploratory
B,hgb_no_observation_features,mask_ambiguous_units,19645,0.0051921608551794,0.6042720777611561,0.0064067850008618,0.0060290435852837,Amended exploratory
